code,title,genre,age,openDate,rate,participate,actors,story,,,,,,,,,,,,,
99702,007 노 타임 투 다이 : 네이버 영화,액션,12세 관람가, 2021.09.29,6.76,4,,,,,,,,,,,,,,,
148043,117편의 러브레터 : 네이버 영화,멜로/로맨스,,,,,,,,,,,,,,,,,,,
204776,120시간: 로스트 인 아웃백 : 네이버 영화,드라마,,,,,,,,,,,,,,,,,,,
199665,1984 최동원 : 네이버 영화,다큐멘터리,전체 관람가, 2021.11.11,8.93,190,최동원,무쇠팔,, 완봉승, 완투승, 구원승<br/>전세계 유일무이 깨지지 않을 만화 같은 기록 <br/><br/>희망, 열정, 도전, 투혼<br/>‘기록’이 아닌 ‘기적’을 선물한 최동원 선수  <br/><br/>눈물 나게 그리운 그 이름<br/>무쇠팔 최동원 10주기 첫 번째 다큐멘터리<br/>“야구가 제 인생 아니겠습니까”,,,,,,
201842,2021 스웨그 에이지 : 외쳐,,,,,,,,,,,,,,,,,,,,
198765,2067 : 네이버 영화,SF,12세 관람가, 2021.06.03,,,코디 스밋 맥피,,,,,,,,,,,,,,
202533,300: 전사의 귀환 : 네이버 영화,액션,15세 관람가, 2021.03.22,,,아론 브롬버그,로마 제국의 지배를 받던 브리튼은 로마 군대 철수 후 자유를 얻는다.<br/>그러나 계속되는 픽트족의 침략에 브리튼의 왕 '보티건'은 두려움에 사로잡힌다.<br/>픽트족에 맞설만한 힘이 없는 보티건은 결국 색슨족과 동맹을 맺게 되고,,,,,,,,,,,,,
200743,365일: 비밀의 여자 : 네이버 영화,스릴러,청소년 관람불가, 2021.02.08,,,엘리아스 하저,,,,,,,,,,,,,,
174831,3개의 얼굴들 : 네이버 영화,드라마,15세 관람가, 2021.03.04,,,베나즈 자파리,,,,,,,,,,,,,,
195072,438일 : 네이버 영화,드라마,15세 관람가, 2021.01.21,,,구스타프 스카스가드,,,,,,,,,,,,,,
163676,8년을 뛰어넘은 신부 : 네이버 영화,멜로/로맨스,,,,,,,,,,,,,,,,,,,
201885,BBC프롬스: 거슈윈 영화 음악 콘서트 : 네이버 영화,,전체 관람가, 2021.04.01,,,,대중음악 역사상 가장 위대한 작곡가로 평가받는 조지 거슈윈의 영화 음악 콘서트 실황이다. 오드리 헵번 주연의 <화니 페이스>부터 최근 리메이크되어 큰 사랑을 받은 <스타 이즈 본>의 첫 번째 리메이크작까지,,,,,,,,,,,,,
202529,BBC프롬스: 그라치니테-틸라와 버밍엄 심포니 : 네이버 영화,,전체 관람가, 2021.03.02,,,,영국 런던의 로열 앨버트 홀에서 개최되는 세계적인 클래식 음악 축제의 공연 실황<br/>여성 최초,,,,,,,,,,,,,
201968,BBC프롬스: 아르헤리치와 바렌보임 콘서트 : 네이버 영화,,전체 관람가, 2021.02.02,,,,영국 런던의 로열 앨버트 홀에서 개최되는 세계적인 클래식 음악 축제 공연 실황이다. 세계적인 지휘자이자 피아니스트,,,,,,,,,,,,,
201897,B급 청춘 : 네이버 영화,드라마,15세 관람가, 2021.06.16,,,정수련,,,,,,,,,,,,,,
197468,CCTV : 네이버 영화,공포,15세 관람가, 2021.07.07,5.41,286,곽도원,,,,,,,,,,,,,,
208655,F20 : 네이버 영화,스릴러,15세 관람가, 2021.10.06,5.65,268,장영남,,,,,,,,,,,,,,
201956,IS 탈출 : 네이버 영화,드라마,,,,,,,,,,,,,,,,,,,
194660,UFO 스케치 : 네이버 영화,다큐멘터리,전체 관람가, 2021.03.04,9.23,31,맹성렬,,,,,,,,,,,,,,
189457,#아이엠히어 : 네이버 영화,멜로/로맨스,,,,,,,,,,,,,,,,,,,
192865,#위왓치유 : 네이버 영화,다큐멘터리,청소년 관람불가, 2021.06.03,9,48,,평범한 집처럼 꾸며진 3개의 세트장,,,,,,,,,,,,,
213635,가면-감춰진 진실 : 네이버 영화,다큐멘터리,12세 관람가, 2021.12.31,,,,중국이 수십억 달러를 들여 설립한 ‘공자학원’이라는 중국어 학습기관의 정체를 폭로하고,,,,,,,,,,,,,
173770,가족은 괴로워3: 아내여 장미처럼 : 네이버 영화,드라마,,,,,,,,,,,,,,,,,,,
179319,가족의 색깔 : 네이버 영화,드라마,,,,,,,,,,,,,,,,,,,
209100,가치 캅시다 : 네이버 영화,드라마,15세 관람가, 2021.10.28,7.71,70,김기현,,, 자신이 미군이 된다는 것을 지독히 반대하는 누군가를 설득해야 하는 마지막 절차가 남았는데...! <br/><br/>“아무 것도 가진 것 없는 네가 잘 되는 게 그냥 싫어!”<br/>한국을 벗어나기 위한 선택지가 미군이 되는 것, 그 하나만이 아니었다?!<br/>눈 돌아간 해진의 충격적인 반격을 확인하라!,,,,,,,,,,
194022,간이역 : 네이버 영화,드라마,12세 관람가, 2021.02.18,7.22,93,김동준,,,,,,,,,,,,,,
195164,간호중 : 네이버 영화,SF,15세 관람가, 2021.12.02,8,55,이유영,,,,,,,,,,,,,,
194097,갈매기 : 네이버 영화,드라마,15세 관람가, 2021.07.28,8.65,78,정애화,잘못은 그 새끼가 했는데,,,,,,,,,,,,,
208530,강릉 : 네이버 영화,범죄,,,,,,,,,,,,,,,,,,,
173029,강호아녀 : 네이버 영화,드라마,,,,,,,,,,,,,,,,,,,
201791,개그 더 크라운 : 네이버 영화,코미디,,,,,,,,,,,,,,,,,,,
206933,건담 G의 레콘기스타 2: 벨리 격진 : 네이버 영화,애니메이션,,,,,,,,,,,,,,,,,,,
207182,건파우더 밀크셰이크 : 네이버 영화,액션,청소년 관람불가, 2021.09.08,6.53,454,카렌 길런,,,,,,,,,,,,,,
175052,걸 : 네이버 영화,드라마,15세 관람가, 2021.01.07,8.61,57,빅터 폴스터,,,,,,,,,,,,,,
197461,게임의 법칙: 인간사냥 : 네이버 영화,스릴러,청소년 관람불가, 2021.01.28,3.72,68,김성수,,,,,,,,,,,,,,
203570,경고 : 네이버 영화,공포,,,,,,,,,,,,,,,,,,,
194909,고백 : 네이버 영화,드라마,,,,,,,,,,,,,,,,,,,
210801,고스트 라이트 : 네이버 영화,스릴러,,,,,,,,,,,,,,,,,,,
201195,고스트 킬러 vs 블러디 메리 : 네이버 영화,공포,,,,,,,,,,,,,,,,,,,
182578,고스트버스터즈 라이즈 : 네이버 영화,서스펜스,,,,,,,,,,,,,,,,,,,
195962,고양이에게 밥을 주지 마세요 : 네이버 영화,다큐멘터리,전체 관람가, 2021.11.11,5.48,1,,,,,,,,,,,,,,,
209496,고장난 론 : 네이버 영화,애니메이션,전체 관람가, 2021.10.27,8.98,1,,,,,,,,,,,,,,,
191637,고질라 VS. 콩 : 네이버 영화,액션,12세 관람가,,,,,,,,,,,,,,,,,,
197491,골든맨 : 네이버 영화,범죄,,,,,,,,,,,,,,,,,,,
206177,공작조: 현애지상 : 네이버 영화,범죄,,,,,,,,,,,,,,,,,,,
191267,관계의 가나다에 있는 우리는 : 네이버 영화,드라마,전체 관람가, 2021.01.28,8.3,60,은해성,,,,,,,,,,,,,,
205629,괴기맨숀 : 네이버 영화,공포,15세 관람가, 2021.06.30,6.09,497,성준,,,,,,,,,,,,,,
195184,괴짜들의 로맨스 : 네이버 영화,멜로/로맨스,,,,,,,,,,,,,,,,,,,
191887,구독좋아요알림설정 : 네이버 영화,코미디,,,,,,,,,,,,,,,,,,,
200183,구라,,,,,,,,,,,,,,,,,,,,
190012,구원 : 네이버 영화,스릴러,청소년 관람불가, 2021.04.08,7.05,104,김대건,,,,,,,,,,,,,,
208979,구원받은 도둑 : 네이버 영화,드라마,12세 관람가, 2021.10.28,,,제이 지앤넌,,,,,,,,,,,,,,
202086,굴뚝마을의 푸펠 : 네이버 영화,애니메이션,,,,,,,,,,,,,,,,,,,
201681,귀멸의 칼날: 나타구모산 편  : 네이버 영화,애니메이션,15세 관람가, 2021.11.17,8.32,221,하나에 나츠키,,,,,,,,,,,,,,
201680,귀멸의 칼날: 남매의 연 : 네이버 영화,애니메이션,15세 관람가, 2021.11.10,6.81,329,하나에 나츠키,,,,,,,,,,,,,,
201684,귀멸의 칼날: 주합회의·나비저택 편 : 네이버 영화,애니메이션,15세 관람가, 2021.12.01,7.77,137,하나에 나츠키,,,,,,,,,,,,,,
206168,귀문 : 네이버 영화,미스터리,,,,,,,, 심령연구소 소장 도진은 지박령을 천도시키고 어머니의 한을 풀기 위해 귀사리 폐수련원을 찾는다. 저승과 이승을 이어주는 ‘귀문’을 통해 1990년의 초공간으로 들어간 도진은 도리어 악귀에게 쫓기다가 1996년 실종된 대학생 3인방과 조우하게 되는데...<br/><br/>귀문 너머 초공간에 갇힌 1990년의 지박령들과 그곳으로 들어간 도진 그리고 1996년에 실종되어 시간이 반복되는 또 다른 초공간에 갇힌 대학생 3인방.<br/>이들이 만들어내는 소름 끼치는 공포가 귀사리 폐수련원에서 펼쳐진다.<br/><br/> 들어온 자, 나갈 수 없다!<br/> 감당할 수 있다면 ‘귀문’을 열어라!,,,,,,,,,,
194887,귀신 : 네이버 영화,코미디,,,,,,,,,,,,,,,,,,,
200193,귀여운 남자 : 네이버 영화,코미디,15세 관람가, 2021.01.14,5.52,75,신민재,,,,,,,,,,,,,,
211179,귀토-토끼의 팔란 : 네이버 영화,,전체 관람가, 2021.11.11,9.8,5,김준수,,,,,,,,,,,,,,
196221,그 여름,,,,,,,,,,,,,,,,,,,,
198627,그녀가 사라졌다 : 네이버 영화,멜로/로맨스,12세 관람가, 2021.03.17,8.46,93,브렌튼 스웨이츠,,,,,,,,,,,,,,
174258,그녀의 가족은 잘못이 없어 : 네이버 영화,,15세 관람가, 2021.10.14,,,조주경,,,,,,,,,,,,,,
206275,그녀의 이름은 파니 : 네이버 영화,범죄,청소년 관람불가, 2021.06.24,,,,페이가는 가족과 보석상에 들렀다가 강도인 하르스키를 만나 첫눈에 사랑에 빠져 그와 도피한다. <br/>알게된 그의 정체는 혁명단원으로,,,,,,,,,,,,,
198399,그대 너머에 : 네이버 영화,멜로/로맨스,전체 관람가, 2021.09.09,7.96,24,김권후,,,,,,,,,,,,,,
208843,그런 일은 일어나지 않았지 : 네이버 영화,드라마,,,,,,,,,,,,,,,,,,,
208853,그레이트 샤크2 : 네이버 영화,액션,,,,,,,,,,,,,,,,,,,
196570,그레타 툰베리 : 네이버 영화,다큐멘터리,전체 관람가, 2021.06.17,5.03,120,,기후 변화 법안 마련 촉구를 위해 금요일마다 학교를 결석하며<br/>의회 앞에서 홀로 시위를 시작한 15세 소녀 ‘그레타 툰베리’.<br/>그녀가 쏘아 올린 ‘미래를 위한 금요일’ 운동은 전 세계로 퍼져나가는데…<br/><br/>평범한 10대 소녀에서<br/>어른들의 무감각한 환경 의식에 일침을 가하는<br/>세계적인 청소년 환경운동가가 되기까지!<br/><br/>700만을 움직인 그녀의 외침에 주목하라!,,,,,,,,,,,,,
202370,그리고 방행자 : 네이버 영화,다큐멘터리,12세 관람가, 2021.03.11,9.26,34,방행자,,,,,,,,,,,,,,
204768,그린 나이트 : 네이버 영화,모험,,,,,,,, 너의 목에 명예를 걸어라!,,,,,,,,,,,
188826,그림자꽃 : 네이버 영화,다큐멘터리,12세 관람가, 2021.10.27,6.46,79,,일종의 사고였다. 2011년,,,,,,,,,,,,,
196051,극장판 귀멸의 칼날: 무한열차편 : 네이버 영화,애니메이션,15세 관람가,2022.04.21 2021.01.27,9.27,13,,,,,,,,,,,,,,,
196049,극장판 도라에몽: 진구의 신공룡 : 네이버 영화,애니메이션,,,,,,,,,,,,,,,,,,,
208080,극장판 마이 리틀 포니: 새로운 희망 : 네이버 영화,애니메이션,,,,,,,,,,,,,,,,,,,
201923,극장판 바다 탐험대 옥토넛 : 불의 고리 대폭발 : 네이버 영화,애니메이션,,,,,,,,,,,,,,,,,,,
208872,극장판 소드 아트 온라인 -프로그레시브- 별 없는 밤의 아리아 : 네이버 영화,애니메이션,,,,,,,, 고독한 검사 키리토였다.,,,,,,,,,,,
205968,극장판 짱구는 못말려: 격돌! 낙서왕국과 얼추 네 명의 용사들 : 네이버 영화,애니메이션,전체 관람가, 2021.09.15,9.28,590,박영남,,,,,,,,,,,,,,
203488,극장판 콩순이: 장난감나라 대모험 : 네이버 영화,애니메이션,전체 관람가, 2021.05.05,8.88,163,,“진짜 진짜 이번이 마지막! 이것만 사주세요~!”<br/>장난감가게의 새 장난감을 보니 콩순이의 가슴은 콩닥콩닥!<br/>그런데 엄마는 안 된다고만 하고 흥.칫.뿡!<br/>“콩순아,,,,,,,,,,,,,
201961,극장판 페이트/그랜드 오더 신성원탁영역 카멜롯 완더링; 아가트람 : 네이버 영화,애니메이션,,,,,,,,,,,,,,,,,,,
201711,극장판 페이트/그랜드 오더 신성원탁영역 카멜롯 팔라딘; 아가트람 : 네이버 영화,애니메이션,,,,,,,,,,,,,,,,,,,
200894,극장판 포켓몬스터: 정글의 아이,,,,,,,,,,,,,,,,,,,,
207183,글래디에이터: 레전드 워리어 : 네이버 영화,액션,,,,,,,,,,,,,,,,,,,
209078,기문둔갑: 괴소소녀 : 네이버 영화,판타지,,,,,,,,,,,,,,,,,,,
209084,기문환생2: 강호혈투 : 네이버 영화,멜로/로맨스,12세 관람가, 2021.12.28,,,,리그 오브 레전드를 좋아하는 대학생의 혼이 수천 년 전 봉국 대왕 조부풍의 몸으로 들어가게 된다. 그는 봉국의 궁에 침투해 군사가 되려는 적국 양형 국의 간첩 하로호와 맞닥뜨린다. 미래를 내다보는 조부풍의 능력으로 하로호와 궁정싸움이 점점 치열해지는 가운데 그는 산신에게 의지하는 상황을 타개하고 모든 것을 잃을 상황을 극복 할 수 있을까?,,,,,,,,,,,,,
208856,기억의 시간 : 네이버 영화,멜로/로맨스,12세 관람가, 2021.12.08,,,이성열,,,,,,,,,,,,,,
201699,기우제 : 네이버 영화,드라마,,,,,,,,,,,,,,,,,,,
199860,기적 : 네이버 영화,드라마,12세 관람가, 2021.09.15,9.25,6,,,,,,,,,,,,,,,
208858,긴 하루 : 네이버 영화,드라마,12세 관람가, 2021.12.30,5.76,17,김동완,,,,,,,,,,,,,,
151961,까치발 : 네이버 영화,다큐멘터리,12세 관람가, 2021.06.03,8.19,21,권우정,,,,,,,,,,,,,,
199002,꼬마 마법사 레미 : 견습 마법사를 찾아서 : 네이버 영화,드라마,,,,,,,,,,,,,,,,,,,
200896,꽃다발 같은 사랑을 했다 : 네이버 영화,멜로/로맨스,12세 관람가, 2021.07.14,9.06,633,아리무라 카스미,,,,,,,,,,,,,,
167674,꽃손 : 네이버 영화,드라마,전체 관람가, 2021.12.02,6,2,김이안,,,,,,,,,,,,,,
205129,꿈꾸는 고양이 : 네이버 영화,다큐멘터리,전체 관람가, 2021.09.09,,,남기형,서울의 달동네,,,,,,,,,,,,,
188058,끝없음에 관하여 : 네이버 영화,드라마,12세 관람가, 2021.12.16,7.32,57,,한 커플이 있다. 서로 사랑하는 두 사람이 도시 위를 떠다니고 있었다.<br/>아름답기로 유명했지만 이제는 폐허가 된 도시다.<br/>또 믿음을 잃은 한 남자가 있다. 춤을 추는 여자가 있다 그리고…<br/><br/>우울을 안고 살아가는 이들을 위한 위로이자 <br/>인간이라는 우주에 관한 아름다운 연작시,,,,,,,,,,,,,
198327,나는 나대로 혼자서 간다 : 네이버 영화,드라마,12세 관람가, 2021.07.15,7.79,34,다나카 유코,,,,,,,,,,,,,,
194074,나는 나를 해고하지 않는다 : 네이버 영화,드라마,12세 관람가, 2021.01.28,8.02,313,유다인,,,,,,,,,,,,,,
197063,나는 조선사람입니다 : 네이버 영화,다큐멘터리,12세 관람가, 2021.12.09,8.62,218,강종헌,,,,,,,,,,,,,,
198994,나를 잡아줘 : 네이버 영화,멜로/로맨스,,,,,,,,,,,,,,,,,,,
205614,나만 보이니 : 네이버 영화,공포,,,,,,,,,,,,,,,,,,,
193993,나소흑전기: 첫만남편 : 네이버 영화,애니메이션,전체 관람가, 2021.04.22,8.41,95,손선영,,,,,,,,,,,,,,
189700,나의 끝,,,,,,,,,,,,,,,,,,,,
197589,나의 먼 가족 : 네이버 영화,,12세 관람가, 2021.04.01,,,,1. 부재: 대학 입시생인 소영은 등록금을 마련하기 위해 장학재단의 힘을 빌리려고 한다. 부모님의 공인인증서가 필요하다는 것을 알게 되고 행방이 묘연한 아버지 때문에 소영은 곤란한 상황에 빠진다.<br/>2. 잊혀진 하루: 같이 집에 있어도 대화는 커녕 인사조차 하지 않는 은숙의 가족. 이 집안의 엄마인 은숙은 이 관계를 회복시켜 보고자 노력하지만 가족들은 전혀 관심이 없다. 은숙의 생일 날,,,,,,,,,,,,,
179450,나의 작은 동무 : 네이버 영화,드라마,12세 관람가, 2021.01.14,9.29,7,탐벳 투이스크,1950년대 에스토니아,,,,,,,,,,,,,
196703,나의 흑역사 로맨티카 : 네이버 영화,멜로/로맨스,,,,,,,,,,,,,,,,,,,
200747,나이트 언데드 : 네이버 영화,미스터리,,,,,,,,,,,,,,,,,,,
183230,나폴리: 작은 갱들의 도시 : 네이버 영화,범죄,,,,,,,,,,,,,,,,,,,
37952,남색대문 : 네이버 영화,드라마,,,,,,,,,,,,,,,,,,,
201695,남의 나라 : 네이버 영화,코미디,,,,,,,,,,,,,,,,,,,
203716,낫아웃 : 네이버 영화,드라마,15세 관람가, 2021.06.03,7.75,235,정재광,,,,,,,,,,,,,,
201744,내가 날 부를 때 : 네이버 영화,드라마,12세 관람가, 2021.09.09,8.03,32,장쯔펑,,,,,,,,,,,,,,
203643,내가 죽기를 바라는 자들 : 네이버 영화,범죄,,,,,,,,,,,,,,,,,,,
201898,내겐 너무 소중한 너 : 네이버 영화,드라마,12세 관람가, 2021.05.12,9.2,435,진구,,,,,,,,,,,,,,
186484,내겐 너무 어려운 연애 : 네이버 영화,코미디,,,,,,,,,,,,,,,,,,,
201945,내일도 우린 사랑하고 있을까 : 네이버 영화,드라마,12세 관람가, 2021.03.11,,,안젤라베이비,,,,,,,,,,,,,,
185293,내일의 기억 : 네이버 영화,미스터리,,,,,,,,,,,,,,,,,,,
203715,너에게 가는 길 : 네이버 영화,다큐멘터리,12세 관람가, 2021.11.17,9.2,286,정은애,,,,,,,,,,,,,,
201908,네가 내가 되었으면 좋겠다 : 네이버 영화,멜로/로맨스,12세 관람가, 2021.06.01,,,김충길,,,,,,,,,,,,,,
202538,노 맨스 랜드 : 네이버 영화,액션,,,,,,,,,,,,,,,,,,,
189619,노가리 : 네이버 영화,드라마,12세 관람가, 2021.03.31,,,박민국,,,,,,,,,,,,,,
196215,노매드랜드 : 네이버 영화,드라마,12세 관람가,,,,,,,,,,,,,,,,,,
197520,노바디  : 네이버 영화,액션,,,,,,,,,,,,,,,,,,,
202379,노아의 방주 2: 새로운 세계로 : 네이버 영화,애니메이션,전체 관람가, 2021.12.09,8.23,13,안현서,,,,,,,,,,,,,,
196548,노웨어 스페셜 : 네이버 영화,드라마,전체 관람가, 2021.12.29,8.54,126,제임스 노턴,,,,,,,,,,,,,,
187729,노트르담 : 네이버 영화,코미디,,,,,,,,,,,,,,,,,,,
195986,노회찬6411 : 네이버 영화,다큐멘터리,12세 관람가, 2021.10.14,6.04,789,노회찬,시커메진 한국 정치의 판을 바꾸고자 했던 사람<br/>서민의 언어로 그들의 속을 시원하게 대변했던 사람<br/>함께 비를 맞으며 약자와 공감하고자 했던 사람<br/>법 앞에 만인이 평등하길 희망했던 사람<br/>누구나 악기 하나 정도는 다룰 수 있는 사회를 꿈꿨던 사람<br/>지금 더욱 그리운 이름<br/>노회찬의 진짜 이야기가 시작된다!,,,,,,,,,,,,,
196396,뉴 오더 : 네이버 영화,드라마,청소년 관람불가, 2021.11.11,7.7,88,나이안 곤살레스 노르빈드,,,,,,,,,,,,,,
195440,늑대와 빨간 재킷 : 네이버 영화,스릴러,청소년 관람불가, 2021.02.03,,,루시 드베이,,,,,,,,,,,,,,
206760,다이노 마이 프렌드 : 네이버 영화,애니메이션,,,,,,,,,,,,,,,,,,,
206579,다크 스펠 : 네이버 영화,멜로/로맨스,,,,,,,,,,,,,,,,,,,
193536,다크 앤드 위키드 : 네이버 영화,공포,15세 관람가, 2021.06.30,6.13,142,마린 아일랜드,,,,,,,,,,,,,,
192652,다함께 여름! : 네이버 영화,코미디,,,,,,,,,,,,,,,,,,,
206608,당신얼굴 앞에서 : 네이버 영화,드라마,15세 관람가, 2021.10.21,7.65,116,이혜영,,,,,,,,,,,,,,
195444,당신은 믿지 않겠지만 : 네이버 영화,드라마,12세 관람가, 2021.10.28,7.06,133,이케마츠 소스케,,,,,,,,,,,,,,
208982,당신은 학생인가 : 네이버 영화,다큐멘터리,전체 관람가, 2021.11.19,8.58,12,김민솔,,,,,,,,,,,,,,
189586,당신의 사월 : 네이버 영화,다큐멘터리,전체 관람가, 2021.04.01,4.83,363,이유경,,,,,,,,,,,,,,
201727,대테러부대: 팀 울프 : 네이버 영화,전쟁,,,,,,,,,,,,,,,,,,,
206939,대환장파티 : 네이버 영화,드라마,,,,,,,,,,,,,,,,,,,
206169,더 그레이트 샤크 : 네이버 영화,공포,,,,,,,,,,,,,,,,,,,
191443,더 나이트 : 네이버 영화,공포,,,,,,,,,,,,,,,,,,,
201705,더 드라이버 : 네이버 영화,공포,,,,,,,,,,,,,,,,,,,
197450,더 레이서 : 네이버 영화,드라마,15세 관람가, 2021.02.24,7.64,67,루이스 탈페,,,,,,,,,,,,,,
187293,더 레치드: 악령의 저주 : 네이버 영화,판타지,,,,,,,,,,,,,,,,,,,
202901,더 박스 : 네이버 영화,드라마,12세 관람가, 2021.03.24,8.67,520,찬열,,,,,,,,,,,,,,
198236,더 배니싱 : 네이버 영화,공포,,,,,,,,,,,,,,,,,,,
167569,더 수어사이드 스쿼드 : 네이버 영화,액션,,,,,,,,,,,,,,,,,,,
191914,더 스파이 : 네이버 영화,스릴러,15세 관람가,,,,,,,,,,,,,,,,,,
197288,더 시크릿 : 네이버 영화,스릴러,15세 관람가,,,,,,,,,,,,,,,,,,
201876,더 엑시트 : 네이버 영화,액션,,,,,,,,,,,,,,,,,,,
201944,더 킹: 독립 전쟁 : 네이버 영화,전쟁,,,,,,,,,,,,,,,,,,,
202354,더 터널 : 네이버 영화,액션,,,,,,,,,,,,,,,,,,,
196561,더 테러 라이브: 스쿨 어택 : 네이버 영화,액션,, 2021.09.02,,,라다 미첼,,,,,,,,,,,,,,
191920,더 파더 : 네이버 영화,드라마,12세 관람가,,,,,,,,,,,,,,,,,,
193971,더 퍼지: 포에버 : 네이버 영화,스릴러,,,,,,,,,,,,,,,,,,,
51264,더 프레지던트 : 네이버 영화,드라마,,,,,,,,,,,,,,,,,,,
209497,더 하더 데이 폴 : 네이버 영화,액션,,,,,,,,,,,,,,,,,,,
196361,더블패티 : 네이버 영화,드라마,15세 관람가, 2021.02.17,6.73,714,신승호,,,,,,,,,,,,,,
194085,더스트맨 : 네이버 영화,드라마,12세 관람가, 2021.04.07,7.95,61,우지현,,,,,,,,,,,,,,
207349,데빌스 나잇 : 네이버 영화,액션,,,,,,,,,,,,,,,,,,,
196736,데스 숏컷 : 네이버 영화,판타지,,,,,,,,,,,,,,,,,,,
195685,데스 오브 미 : 네이버 영화,공포,,,,,,,,,,,,,,,,,,,
200353,데이팅 앰버 : 네이버 영화,코미디,,,,,,,,,,,,,,,,,,,
200052,도라에몽: 스탠바이미 2 : 네이버 영화,애니메이션,,,,,,,,,,,,,,,,,,,
201758,도신-지존천하 : 네이버 영화,,15세 관람가, 2021.10.25,,,,초능력을 가진 도박 고수 대군은 홍콩에서 도박 협객에게 패한 후 대륙으로 도망친다. 그 과정에서 대군은 초능력을 잃고 원수에게 쫓기다가 큰 도박장을 소유한 사천화에게 구출되어 사천화의 의형제가 된다. 대군은 그 은혜를 갚기 위해 사천화의 아들 사택에게 자신의 능력을 전부 전수해 줄 것을 약속한다. 한편 유호산은 도박장에서 사택에게 돈을 다 잃고 총을 꺼냈다가 손이 잘리지만 대군은 치료비 10만 불과 함께 유호산을 보내준다. 그러나 사택이 보낸 부하들에 의해 죽임을 당하고 땅에 묻힌다. 후에 그 사실을 알게 된 유호산의 누나 유청아는 동생의 복수를 하기 위해 나서는데…,,,,,,,,,,,,,
192614,돈 룩 업 : 네이버 영화,코미디,15세 관람가, 2021.12.08,8.65,3,,,,,,,,,,,,,,,
201818,동백 : 네이버 영화,드라마,,,,,,,,,,,,,,,,,,,
191559,듄 : 네이버 영화,모험,,,,,,,,,,,,,,,,,,,
205623,드라이브 마이 카 : 네이버 영화,드라마,15세 관람가, 2021.12.23,8.42,909,니시지마 히데토시,,,,,,,,,,,,,,
206778,드라큘라 2021 : 네이버 영화,공포,, 2021.08.05,,,제라르도 로마노,세실리아와 마르틴 모자는 교통사고를 당했다. <br/>사고 발생 사흘째,,,,,,,,,,,,,
201743,드래곤 솔져 : 네이버 영화,액션,,,,,,,,,,,,,,,,,,,
196466,드림 스캐너 : 네이버 영화,SF,,,,,,,,,,,,,,,,,,,
200179,드림빌더 : 네이버 영화,애니메이션,,,,,,,,,,,,,,,,,,,
201560,디 아더 사이드 : 네이버 영화,공포,12세 관람가, 2021.03.25,,,딜란 그윈,,,,,,,,,,,,,,
100152,디노소어 어드벤쳐 : 네이버 영화,모험,,,,,,,,,,,,,,,,,,,
201796,디스 아메리카노 : 네이버 영화,,15세 관람가, 2021.09.10,,,변세희,,,,,,,,,,,,,,
207940,디어 에반 핸슨 : 네이버 영화,뮤지컬,,,,,,,,,,,,,,,,,,,
192613,디지몬 어드벤처 라스트 에볼루션 : 인연 : 네이버 영화,애니메이션,,,,,,,,,,,,,,,,,,,
212489,라라와 크리스마스 요정 : 네이버 영화,애니메이션,,,,,,,,,,,,,,,,,,,
186260,라라의 신비한 모험 : 네이버 영화,애니메이션,전체 관람가, 2021.03.18,8,12,김소희,,,,,,,,,,,,,,
201967,라스칼라 갈라 콘서트: 별들을 다시 보려고 : 네이버 영화,,전체 관람가, 2021.02.01,,,,매년 밀라노의 수호성인인 성 암브로지오 축일인 12월 7일에 열리는 밀라노 라스칼라 극장의 시즌 개막 공연은 이탈리아 음악계의 가장 큰 이벤트이지만 코로나 바이러스의 창궐로 인해 일반 관객에게 극장 문을 열 수가 없게 되었고 원래 예정되었던 오페라를 무대에 올릴 수 없게 되었다. 대신,, 엘리나 가란차, 로자 페올라, 프란체스코 멜리 등 20여명의 세계 정상급 성악가들의 입을 통해 감상할 수 있는 갈라 콘서트가 개최되었다.,,,,,,,,,
191569,라스트 나잇 인 소호 : 네이버 영화,공포,,,,,,,,,,,,,,,,,,,
191545,라스트 듀얼: 최후의 결투 : 네이버 영화,액션,,,,,,,,,,,,,,,,,,,
181461,라스트 레터 : 네이버 영화,멜로/로맨스,,,,,,,,,,,,,,,,,,,
191553,라스트 레터 : 네이버 영화,멜로/로맨스,,,,,,,,,,,,,,,,,,,
184518,라야와 마지막 드래곤 : 네이버 영화,애니메이션,,,,,,,,,,,,,,,,,,,
201107,라이더스 오브 저스티스 : 네이버 영화,액션,15세 관람가, 2021.06.02,7.46,217,매즈 미켈슨,,,,,,,,,,,,,,
176746,라이브 하드 : 네이버 영화,드라마,15세 관람가, 2021.02.25,8.77,13,크리스 라이언,,,,,,,,,,,,,,
198621,라임크라임 : 네이버 영화,드라마,15세 관람가, 2021.11.25,8.68,73,이민우,,,,,,,,,,,,,,
204496,랑종 : 네이버 영화,공포,,,,,,,,<br/>이 곳의 사람들은<br/>모든 것에 혼이 깃들어 있다고 믿는다.<br/><br/>가문의 대를 이어 조상신 ‘바얀 신’을 모시는 랑종(무당) ‘님’은<br/>조카 ‘밍’의 상태가 심상치 않음을 직감한다.<br/>날이 갈수록 이상 증세가 점점 심각해지는 ‘밍’.<br/>무당을 취재하기 위해 ‘님’과 동행했던 촬영팀은<br/>신내림이 대물림되는 순간을 포착하기 위해<br/>‘밍’과 ‘님’, 그리고 가족에게 벌어지는 미스터리한 현상을 카메라에 담기 시작한다.<br/> <br/>신내림이 대물림되는 무당 가문<br/>피에 관한 세 달간의 기록,,,,,,,,,,
195176,래시 컴 홈 : 네이버 영화,모험,,,,,,,,,,,,,,,,,,,
201219,랜드 : 네이버 영화,드라마,12세 관람가,,,,,,,,,,,,,,,,,,
205625,램 : 네이버 영화,스릴러,,,,,,,,,,,,,,,,,,,
194823,러브 어페어 : 우리가 말하는 것,,,,,,,,,,,,,,,,,,,,
185276,레 미제라블 : 네이버 영화,드라마,15세 관람가, 2021.04.15,7.6,91,다미엔 보나드,,,,,,,,,,,,,,
194076,레드 : 네이버 영화,드라마,,,,,,,,,,,,,,,,,,,
209085,레드 아워 : 네이버 영화,액션,,,,,,,,,,,,,,,,,,,
193966,레미니센스 : 네이버 영화,SF,,,,,,,,,,,,,,,,,,,
144254,레일로드 워 : 네이버 영화,액션,,,,,,,,,,,,,,,,,,,
197470,레전더리 콘서트: 레너드 번스타인 : 네이버 영화,,전체 관람가, 2021.01.01,,,귀네스 존스,레너드 번스타인은 경계 없는 음악의 자유인이었다. 뉴욕 필하모닉 최연소 음악 감독에 임명되며 당대 최고의 지휘자 자리에 올랐고 ‘청소년 음악회’를 통해 클래식 음악의 미래 저변을 확장했다. 큰 인기를 끈 뮤지컬 ‘웨스트 사이드 스토리’를 작곡하는 등 전방위적인 예술 활동을 펼치며 가장 미국적인 음악가로서 새로운 전형을 제시했다. 이번 공연 실황은 번스타인이 활동 무대를 유럽으로 확장해 빈 필하모닉을 지휘하며 말년의 원숙미를 더하던 모습을 담아낸 기록이다.<br/>연주되는 베토벤 교향곡 제9번 ‘합창’은 청력을 완전히 잃은 작곡가가 남긴 마지막 교향곡이자 고전주의를 완성하는 최고의 걸작으로 꼽힌다. 디지털 5.1 서라운드 사운드로 복원되어 환희와 인류애의 메시지가 생생히 울려 퍼지는 벅찬 대화합의 무대에서 번스타인은 음악이 세상을 자유롭게 할 것이라고 당당히 선언한다.,,,,,,,,,,,,,
192806,레지스탕스 : 네이버 영화,드라마,15세 관람가, 2021.09.09,,,제시 아이젠버그,,,,,,,,,,,,,,
196279,레커닝 : 네이버 영화,공포,,,,,,,,,,,,,,,,,,,
197484,레컨 : 네이버 영화,전쟁,,,,,,,,,,,,,,,,,,,
208462,로그 인 벨지움 : 네이버 영화,다큐멘터리,전체 관람가, 2021.12.01,7.75,106,,팬데믹 선포로  벨기에 앤트워프 낯선 호텔에 고립된 배우 유태오,,,,,,,,,,,,,
178504,로그북 : 네이버 영화,다큐멘터리,전체 관람가, 2021.11.24,9.69,39,,경력 30년의 잠수사 황병주<br/>해병대 출신 한재명<br/>부산 사나이 백인탁<br/>수중 장비를 챙긴 이들은 바다로 향한다<br/><br/>전쟁터를 방불케하는 바지선<br/>오직 ‘상승’과 ‘하강’ 소리만이 적막을 깨는 그 곳<br/>잠수사들은 무너진 벽과 뒤엉킨 격실을 뚫고<br/>마지막까지 희망의 실마리를 찾아 나서는데…<br/><br/>그 어디에서 공개되지 않았던 이야기<br/>‘로그북’ 그 첫 장을 세상에 펼치다!,,,,,,,,,,,,,
197451,로그시티 : 네이버 영화,드라마,,,,,,,,,,,,,,,,,,,
187420,로또쉐어 : 네이버 영화,스릴러,,,,,,,,,,,,,,,,,,,
206761,로빈의 소원 : 네이버 영화,다큐멘터리,전체 관람가, 2021.09.23,7.73,11,로빈 윌리엄스,,,,,,,,,,,,,,
168052,로스트 걸 & 러브호텔 : 네이버 영화,드라마,,,,,,,,,,,,,,,,,,,
201168,론 서바이버 : 아미 오브 원 : 네이버 영화,액션,청소년 관람불가, 2021.02.18,,,엘렌 홀맨,강력반 형사인 남편과 함께 한적한 시골 마을로 여행을 떠난 특전대원 브레너. 두 사람은 비를 피해 들어간 오두막에서 비밀의 방을 발견한다. 그 안에 가득한 것은 어마어마한 양의 무기들. 우연히 범죄조직의 구역에 발을 들인 부부는 미처 몸을 피하기도 전에 조직원들에게 붙잡혀 사살당한다. 다행히 살아남은 브레너는 죽은 남편을 위해 잔인한 복수를 꿈꾸고,,,,,,,,,,,,,
202903,루카 : 네이버 영화,애니메이션,,,,,,,,,,,,,,,,,,,
201715,리벤지 오브 인사이트 : 네이버 영화,액션,15세 관람가, 2021.08.12,,,켄 쳉,,,,,,,,,,,,,,
182740,리본 : 네이버 영화,공포,15세 관람가, 2021.07.22,,,바바라 크램톤,,,,,,,,,,,,,,
182019,리스타트 : 네이버 영화,액션,15세 관람가, 2021.03.11,6.93,342,프랭크 그릴로,,,,,,,,,,,,,,
195599,리스펙트 : 네이버 영화,드라마,12세 관람가, 2021.09.08,7.52,40,제니퍼 허드슨,내면의 폭풍을 이겨낸 강한 여자<br/>세상을 바꾸고 영혼을 위로한 환상의 디바<br/>아레사 프랭클린.<br/><br/>그녀의 노래가 울려 퍼진다!,,,,,,,,,,,,,
196689,리슨 : 네이버 영화,드라마,12세 관람가, 2021.12.09,7.76,251,루시아 모니즈,,,,,,,,,,,,,,
204211,리얼생존예능 펀하우스 : 네이버 영화,범죄,,,,,,,,,,,,,,,,,,,
201704,리유니언 : 네이버 영화,공포,,,,,,,,,,,,,,,,,,,
194117,리틀 뱀파이어 : 네이버 영화,애니메이션,전체 관람가, 2021.12.29,,,박시윤,,,,,,,,,,,,,,
185274,리틀 조 : 네이버 영화,드라마,,,,,,,,,,,,,,,,,,,
187618,리틀드래곤 코코넛2: 정글대탐험 : 네이버 영화,애니메이션,,,,,,,,,,,,,,,,,,,
204202,링: 더 라스트 챕터 : 네이버 영화,미스터리,,,,,,,,,,,,,,,,,,,
201797,마네킹 : 네이버 영화,공포,15세 관람가, 2021.07.13,,,김미승,,,결국 춘화는 이화의 계략대로 네명의 마네킹에 의하여 졸도를 하며 환각의 늪에서 깨어 난다,,,,,,,,,,,
190637,마라가 큰 결정을 해야 해 : 네이버 영화,코미디,,,,,,,,,,,,,,,,,,,
201706,마를린 : 네이버 영화,액션,청소년 관람불가, 2021.10.07,,,어거스트 슈몰저,킬러인 프랑크는 마를린을 인질로 데려오라는 아버지의 명령을 받는다.<br/>하지만 임무 수행 중 그녀를 지켜보다 함께하고 싶은 마음이 든 프랑크는<br/>아버지의 명령을 거스르게 된다. 결국 그녀는 다른 부하인 아론과 롤라에 의해 납치된다.<br/>프랑크는 마를린을 아버지에게서 구하기 위해 그의 성으로 찾아가는데…,,,,,,,,,,,,,
197517,마리오네트 : 네이버 영화,미스터리,,,,,,,,,,,,,,,,,,,
192120,마이 뉴욕 다이어리 : 네이버 영화,드라마,12세 관람가, 2021.12.09,7.41,114,시고니 위버,,,,,,,,,,,,,,
198485,마이 미씽 발렌타인 : 네이버 영화,멜로/로맨스,,,,,,,,,,,,,,,,,,,
200900,마크맨 : 네이버 영화,액션,15세 관람가,,,,,,,,,,,,,,,,,,
191353,마피아 Inc : 네이버 영화,범죄,,,,,,,,,,,,,,,,,,,
202907,만델라 이펙트 : 네이버 영화,SF,15세 관람가, 2021.03.04,,,찰리 호프하이머,,,,,,,,,,,,,,
207370,말리그넌트 : 네이버 영화,스릴러,,,,,,,,,,,,,,,,,,,
195654,매직 스쿨: 초보마법사 아우라의 대모험 : 네이버 영화,애니메이션,전체 관람가, 2021.10.07,5.54,48,벤 디스킨,,,,,,,,,,,,,,
197443,매직아치 : 네이버 영화,애니메이션,,,,,,,,,,,,,,,,,,,
191600,매트릭스: 리저렉션 : 네이버 영화,액션,,,,,,,,,,,,,,,,,,,
197946,맥스 피스트 : 네이버 영화,액션,,,,,,,,,,,,,,,,,,,
167403,맨 인 더 다크 2  : 네이버 영화,범죄,,,,,,,,,,,,,,,,,,,
206517,맨 인 러브 : 네이버 영화,멜로/로맨스,15세 관람가, 2021.11.24,,,구택,,,,,,,,,,,,,,
204775,머룬 베레: 보이지 않는 전사 : 네이버 영화,전쟁,,,,,,,,,,,,,,,,,,,
202924,머룬 베레: 이름없는 영웅 : 네이버 영화,전쟁,,,,,,,,,,,,,,,,,,,
179395,멀리가지마라 : 네이버 영화,범죄,,,,,,,,,,,,,,,,,,,
209036,메가 릴렉스 비행 : 네이버 영화,,전체 관람가, 2021.11.04,,,,비행기의 이륙 순간부터 착륙 순간까지 창밖의 모습을 보여주는 단편영화,,,,,,,,,,,,,
201964,메모리: 조작살인 : 네이버 영화,미스터리,청소년 관람불가, 2021.12.29,,,김윤서,,,,,,,,,,,,,,
199068,메이드 인 루프탑 : 네이버 영화,드라마,,,,,,,,,,,,,,,,,,,
201790,메이드 인 이태리 : 네이버 영화,드라마,,,,,,,,,,,,,,,,,,,
165038,메이헴 : 네이버 영화,액션,청소년 관람불가,,,,,,,,,,,,,,,,,,
203097,명탐정 코난: 비색의 탄환 : 네이버 영화,애니메이션,12세 관람가, 2021.04.16,8.84,918,,전 세계인의 축제 WSG(World Sports Games)의 개최를 앞둔 일본.<br/>이를 기념해 시속 1,,,,,,,,,,,,,
199887,명탐정 코난: 진홍의 수학여행 : 네이버 영화,애니메이션,12세 관람가, 2021.01.27,7.49,388,야마구치 캇페이,,,,,,,,,,,,,,
192150,모가디슈 : 네이버 영화,액션,,,,,,,,,,,,,,,,,,,
193800,모리타니안 : 네이버 영화,스릴러,,,,,,,,,,,,,,,,,,,
193166,모사드: 인질구출작전 : 네이버 영화,액션,,,,,,,,,,,,,,,,,,,
194906,모추어리 컬렉션 : 네이버 영화,공포,,,,,,,,,,,,,,,,,,,
202925,모탈 컴뱃 : 네이버 영화,액션,,,,,,,,,,,,,,,,,,,
211163,몬스타엑스 : 더 드리밍 : 네이버 영화,다큐멘터리,전체 관람가, 2021.12.08,9.84,212,,강렬한 퍼포먼스와 파워풀하고 완성도 높은 무대로<br/>전 세계의 수많은 팬들에게 아름다운 충격을 선사한 그룹 MONSTA X.<br/>지난 6년 반 동안 묵묵히 걸어온 여정을 돌아보며<br/>멤버들의 진솔한 속내가 담긴 개별 인터뷰부터 미국 진출 비하인드,,,,,,,,,,,,,
190011,몬스터 헌터 : 네이버 영화,액션,,,,,,,,,,,,,,,,,,,
203095,몬테크리스토: 더 뮤지컬 라이브 : 네이버 영화,,12세 관람가, 2021.03.19,,,카이,,, 빌포트에 의한 것이었음을 깨닫는다.<br/><br/>정의의 실현이 복수뿐이라면……<br/><br/>분노에 휩싸인 에드몬드는 복수를 결심하고, 파리아 신부는 “복수심은 자신을 망칠 뿐임”을 경고한다.<br/>탈출을 준비하던 중 심각한 부상을 입은 파리아 신부는 죽게 되는데, 숨을 거두기 전 에드몬드에게<br/>몬테크리스토 섬의 보물 지도를 건네며 ‘용서와 가난한 자를 위한 새 삶’을 부탁한다.<br/>그러나 보물을 발견하고 엄청난 부를 손에 쥔 에드몬드는 ‘몬테크리스토 백작’으로 신분을 바꾸고 복수를 시작하는데……<br/><br/>140분 동안 펼쳐지는 사랑과 복수, 용서의 대서사시가 8K 시네마틱 카메라 14대의 온-스테이지 밀착 촬영으로 담아낸<br/>역동적인 관람 뷰와 영화관 최적화 사운드 편집으로 대극장보다 섬세하게, 대극장보다 생생하게 살아난다.,,,,,,,
201851,몽키킹5 절대신공 : 네이버 영화,판타지,,,,,,,,,,,,,,,,,,,
197584,뫼비우스 : 네이버 영화,,12세 관람가, 2021.10.13,,,,1. 술과 족발과 케이크: 연극영화학과 새내기들이 기숙사에 모여 즐겁게 놀고 있다. 술을 마셔 시끌벅적한 가운데 유미,,,,,,,,,,,,,
201888,무간귀도 : 네이버 영화,액션,15세 관람가, 2021.05.20,,,송 카이,,,,,,,,,,,,,,
154793,무녀도 : 네이버 영화,애니메이션,,,,,,,,,,,,,,,,,,,
211303,무림수사관 : 네이버 영화,액션,15세 관람가, 2021.11.11,,,,소문으로만 떠도는 비밀의 암시장 은시.<br/>무림수사관 습생은 의문의 살인 사건을 수사하던 중 난관에 빠지고<br/>의녀 청라에게 도움을 요청한다.<br/>미궁에 빠진 살인 사건을 수사하던 습생과 청라는<br/>20년 전 있었던 놀라운 사건의 진실과 함께<br/>거대한 음모에 다가서게 되는데…,,,,,,,,,,,,,
209082,무림팔선 : 네이버 영화,판타지,,,,,,,,,,,,,,,,,,,
189566,무순,,,,,,,,,,,,,,,,,,,,
201708,묵향 : 네이버 영화,,전체 관람가, 2021.09.02,,,김원경,,,,,,,,,,,,,,
201808,뮤턴트 워 : 네이버 영화,SF,,,,,,,,,,,,,,,,,,,
204641,뮤턴트 파이톤 : 네이버 영화,판타지,,,,,,,,,,,,,,,,,,,
201930,미국대전쟁 : 네이버 영화,서부,15세 관람가, 2021.04.29,,,,1862년 후반부터 미국 남부전쟁이 끝나는 1965년까지,,,,,,,,,,,,,
187310,미나리 : 네이버 영화,드라마,12세 관람가,,,,,,,,,,,,,,,,,,
189120,미드나이트 : 네이버 영화,스릴러,15세 관람가, 2021.06.30,4.76,3,,,,,,,,,,,,,,,
171246,미드나잇 버스 : 네이버 영화,드라마,12세 관람가, 2021.02.04,8.78,32,하라다 타이조,,,,,,,,,,,,,,
177504,미션 임파서블: 루벤 : 네이버 영화,애니메이션,,,,,,,,<br/>피카소의 ‘책을 든 여인’, 에드워드 호퍼의 ‘밤을 지새우는 사람들’까지…<br/>세계 곳곳에서 유명 명화들이 사라지기 시작한다!<br/><br/>범인은 바로 심리치료사 루벤과 그의 환자 미미, 페르난도, 조, 브루노!<br/>루벤이 명화 속 주인공들에게 공격당하는 끔찍한 악몽에 시달리자<br/>다 함께 문제의 예술작품 13점을 훔치기 시작한 것!<br/><br/>하지만 마지막 작전을 앞두고 사립탐정 코왈스키에게 덜미가 잡히고<br/>현상금을 노리는 킬러들에게 쫓기기 시작하며 예기치 못한 위험에 빠지는데…<br/><br/>남은 명화는 단 하나!<br/>마지막 한탕을 위한 팀 루벤의 미션 임파서블이 시작된다!,,,,,,,
189124,미션 파서블 : 네이버 영화,코미디,,,,,,,,,,,,,,,,,,,
197458,미스 : 네이버 영화,코미디,,,,,,,,,,,,,,,,,,,
201178,미스캡틴 : 섹시 히어로즈 : 네이버 영화,액션,,,,,,,,,,,,,,,,,,,
183232,미스터 존스 : 네이버 영화,드라마,,,,,,,, 에이다 브룩스로부터<br/>그가 찾는 진실에 접근할 실마리를 얻게 된다.<br/><br/>계속되는 도청과 미행, 납치의 위협 속에서 가까스로 우크라이나로 잠입한 존스는<br/>마침내 참혹한 진실을 마주하게 되는데……<br/><br/>생명을 담보한 위험한 취재!<br/>세상은 외면했지만, 끝까지 진실을 추구한 단 한 명의 기자,,,,,,,,,
205304,미스피츠 : 네이버 영화,액션,,,,,,,, 그들과 함께 테러 자금을 대는 교도소장 ‘슐츠’의 아부다비 교도소에 숨겨진 금을 털자는 것이다.<br/><br/>스스로 사회 부적응자, 즉 ‘미스피츠’라 이름 지은 그들은 세상 나쁜 놈들에게 사이다 한 방을 날리기 위해 아부다비로 향하는데…,,,,,,,,,,
184554,미씽: 사라진 딸 : 네이버 영화,스릴러,15세 관람가, 2021.09.23,,,케이트 드럼몬드,,,,,,,,,,,,,,
201824,미인도-황제의 시녀 : 네이버 영화,드라마,15세 관람가, 2021.09.15,,,,당 태종 당시,,,,,,,,,,,,,
209083,미켈란젤로 : 네이버 영화,드라마,,,,,,,,,,,,,,,,,,,
200071,미트 페어런츠-비기닝 : 네이버 영화,코미디,,,,,,,,,,,,,,,,,,,
208973,밀리터리 맨 : 네이버 영화,액션,,,,,,,,,,,,,,,,,,,
209648,바다 탐험대 옥토넛 : 육지수호 대작전 : 네이버 영화,애니메이션,,,,,,,,,,,,,,,,,,,
201752,바디 브로커 : 네이버 영화,범죄,,,,,,,,,,,,,,,,,,,
193044,바람아 안개를 걷어가다오 : 네이버 영화,드라마,12세 관람가, 2021.10.28,7.75,20,김혜정,,,,,,,,,,,,,,
208656,바바 야가 검은 가시 마녀 : 네이버 영화,공포,,,,,,,,,,,,,,,,,,,
197522,바바 야가: 숲의 악령 : 네이버 영화,공포,15세 관람가, 2021.02.18,,,,특별한 기운을 느끼는 소년 “예고르”<br/>새로 온 유모의 수상한 행동을 알아챈다.<br/>여동생이 사라지고 부모님은 동생을 기억조차 못한다.<br/>마을 아이들이 하나씩 사라지고,,,,,,,,,,,,,
188052,바바리안 : 네이버 영화,드라마,15세 관람가, 2021.10.14,,,조니 뎁,,,,,,,,,,,,,,
202532,바이러스 Z: 백신 대참사 : 네이버 영화,공포,,,,,,,,,,,,,,,,,,,
172731,바이올린 플레이어 : 네이버 영화,멜로/로맨스,15세 관람가, 2021.04.15,,,마틀리나 쿠스니엠미,,,,,,,,,,,,,,
210269,바이크 솔저 : 네이버 영화,액션,,,,,,,,,,,,,,,,,,,
202531,바이킹: 블러드 워 : 네이버 영화,액션,15세 관람가, 2021.04.05,,,,영국을 습격하고 돌아온 바이킹 '구드룬'은기독교를 전파하고,,,,,,,,,,,,,
114330,바쿠라우 : 네이버 영화,미스터리,,,,,,,,,,,,,,,,,,,
188415,박강아름 결혼하다 : 네이버 영화,다큐멘터리,전체 관람가, 2021.08.19,9.42,48,박강아름,,,,,,,,,,,,,,
197480,반딧불이 딘딘과 용감한 곤충 탐험대 : 네이버 영화,애니메이션,전체 관람가, 2021.03.25,6.92,13,,숲속 마을 친구들이 위험에 빠지면 언제나 나타나는 용감한 반딧불이 딘딘과 숲속 탐험대.<br/>탐사 로봇 오로라가 우주에서 가져온 최첨단 신호등은 숲속 친구들 사이에서 인기 만발이다.<br/><br/>하지만 불빛을 위협 신호로 받아들이는 나방 부족 추장은 딘딘과 친구들을 공격하고,,,,,,,,,,,,,
190824,발란 : 버려진 천사들의 무덤 : 네이버 영화,스릴러,,,,,,,,,,,,,,,,,,,
194205,발신제한 : 네이버 영화,드라마,,,,,,,,,,,,,,,,,,,
140738,밤빛 : 네이버 영화,가족,,,,,,,,,,,,,,,,,,,
200785,방법: 재차의 : 네이버 영화,미스터리,,,,,,,,,,,,,,,,,,,
201965,방황하는 네덜란드인 : 네이버 영화,공포,,,,,,,,,,,,,,,,,,,
191901,배드 헤어 : 네이버 영화,공포,15세 관람가, 2021.05.05,,,엘르 로레인,,,,,,,,,,,,,,
200899,배틀 크랙 : 네이버 영화,SF,,,,,,,,,,,,,,,,,,,
159338,배틀로얄 : 러버스 : 네이버 영화,액션,,,,,,,,,,,,,,,,,,,
197482,배틀로얄 : 매드랜드 : 네이버 영화,액션,,,,,,,,,,,,,,,,,,,
202527,배틀필드 2025 : 네이버 영화,SF,15세 관람가, 2021.02.22,,,조시 로셋,,,,,,,,,,,,,,
208074,뱅드림! 로젤리아 에피소드 Ⅱ : 송 아이 엠 : 네이버 영화,애니메이션,전체 관람가, 2021.09.09,9.18,40,,수많은 시련을 극복하고 퓨처 월드 페스 출전을 맹세한 Roselia의 멤버들.<br/>그리고 계절은 가을을 맞았다.<br/>'약속' 작사 이후 성장한 리사.<br/>단풍놀이를 하러 가서 미래의 자신들에게 결의의 그림엽서를 쓰는 유키나와 사요.<br/>Roselia를 위해 무언가 하고 싶다는 마음이 들어 신곡을 작곡하려는 린코.<br/>'남은 퀘스트는 콘테스트하고 대회하고... 퓨처 월드 페스...'<br/>자신들의 최종 목표를 생각하다가 문득 불안해지는 아코.<br/>퓨처 월드 페스 끝에 다섯 멤버가 본 풍경은...,,,,,,,,,,,,,
204197,뱅드림! 로젤리아 에피소드Ⅰ: 약속 : 네이버 영화,애니메이션,전체 관람가, 2021.06.03,8.14,79,,너희들,,,,,,,,,,,,,
208980,뱅드림! 필름 라이브 세컨드 스테이지 : 네이버 영화,애니메이션,전체 관람가, 2021.11.18,8.8,92,,뱅드림! 극장 라이브 애니메이션<br/>BanG Dream! FILM LIVE 2nd Stage<br/>개봉 확정!!<br/><br/>이미 익숙한 Poppin'Party,,,,,,,,,,,,,
203225,뱅퀴시 : 네이버 영화,액션,,,,,,,,,,,,,,,,,,,
210926,버드나무숲 양림 : 네이버 영화,드라마,전체 관람가, 2021.10.28,,,송영학,,,,,,,,,,,,,,
121741,버스납치 : 네이버 영화,코미디,,,,,,,,,,,,,,,,,,,
201853,범털2 : 쩐의 전쟁 : 네이버 영화,범죄,,,,,,,,,,,,,,,,,,,
206658,베네데타 : 네이버 영화,드라마,청소년 관람불가, 2021.12.01,7.8,348,비르지니 에피라,,,,,,,,,,,,,,
187323,베놈 2: 렛 데어 비 카니지 : 네이버 영화,액션,,,,,,,,,,,,,,,,,,,
203467,베르나르다 알바 : 네이버 영화,뮤지컬,15세 관람가, 2021.04.28,,,정영주,,,,,,,,,,,,,,
204219,변신 : 어느날 갑자기 : 네이버 영화,공포,15세 관람가, 2021.09.09,,,제미마 웨스트,,,,,,,,,,,,,,
210266,보는 것을 사랑한다 : 네이버 영화,다큐멘터리,전체 관람가, 2021.10.28,9,12,봉준호,,,,,,,,,,,,,,
182811,보더라인 : 네이버 영화,드라마,,,,,,,,,,,,,,,,,,,
191597,보스 베이비 2 : 네이버 영화,애니메이션,,,,,,,,,,,,,,,,,,,
201697,보이 비하인드 도어 : 네이버 영화,공포,,,,,,,,,,,,,,,,,,,
190320,보이스 : 네이버 영화,범죄,,,,,,,, 대규모 콜센터까지!<br/>체계적으로 조직화된 보이스피싱의 스케일에 놀라고,<br/>그곳에서 피해자들의 희망과 공포를 파고드는 목소리의 주인공이자 기획실 총책 곽프로(김무열)를 드디어 마주한다.<br/><br/>그리고 그가 300억 규모의 새로운 총력전을 기획하는 것을 알게 되는데..<br/><br/>상상이상으로 치밀하게 조직화된 보이스피싱의 실체!<br/>끝까지 쫓아 반드시 되찾는다!,,,,,,,,,,
203662,보이저스 : 네이버 영화,SF,,,,,,,,,,,,,,,,,,,
209242,보조바퀴 : 네이버 영화,드라마,전체 관람가, 2021.11.25,,,박서영,,,,,,,,,,,,,,
201879,보통날 : 네이버 영화,드라마,15세 관람가, 2021.07.01,,,김수영,,,,,,,,,,,,,,
201759,복호무송 : 네이버 영화,무협,,,,,,,,,,,,,,,,,,,
190988,볼리션: 미래를 보는 자 : 네이버 영화,SF,15세 관람가, 2021.03.31,,,애드리언 맥모랜,,,,,,,,,,,,,,
202319,봉마전 : 네이버 영화,액션,12세 관람가, 2021.02.03,,,진건봉,,,,,,,,,,,,,,
204216,봉신전설 : 네이버 영화,액션,12세 관람가, 2021.05.06,,,마목훤,저승에 1만 년간 봉인되어 있는 절대 악 '무극사존'이 신물 '구혼삭'을 훔쳐 달아나자<br/>인간 세상에는 알 수 없는 죽음들이 이어지며 혼란에 휩싸인다.<br/><br/>기묘한 죽음을 파헤치는 포두 '범무구'<br/>살해 위협을 당하다 간신히 살아난 서생 '사필안'<br/><br/>이 둘은 괴상한 사건에 휘말려 '무극사존' 필적하는<br/>신물 '태극음양'을 찾아 나서게 되는데...,,,,,,,,,,,,,
203475,부기 : 네이버 영화,드라마,15세 관람가, 2021.04.21,4.25,8,테일러 타카하시,언젠가 NBA에서 활약할 날을 꿈꾸는 농구 유망주 ‘알프레드 부기 친’(테일러 타카하시)은 대학 진학과 장학금 문제로 부모님과 대립하기 시작하고,,,,,,,,,,,,,
207359,부니베어: 애들이 줄었어요 : 네이버 영화,애니메이션,,,,,,,,,,,,,,,,,,,
119126,북샵 : 네이버 영화,드라마,전체 관람가, 2021.06.24,8.78,41,에밀리 모티머,,,,,,,,,,,,,,
183761,북스마트 : 네이버 영화,코미디,15세 관람가, 2021.01.27,7.55,152,케이틀린 디버,,,,,,,,,,,,,,
189150,분노의 질주: 더 얼티메이트 : 네이버 영화,액션,12세 관람가, 2021.05.19,7.36,6,,,,,,,,,,,,,,,
198985,불어라 검풍아 - 감독판 : 네이버 영화,액션,15세 관람가, 2021.04.08,,,안지혜,,,,,,,,,,,,,,
208657,불청객들 : 네이버 영화,공포,,,,,,,,,,,,,,,,,,,
182806,뷰티 인 더 글라스 : 네이버 영화,SF,15세 관람가, 2021.02.18,,,라리사 올레이닉,,,,,,,,,,,,,,
201696,브라더 : 네이버 영화,액션,15세 관람가, 2021.10.07,3.87,169,조재윤,,,,,,,,,,,,,,
202534,브레이브 언더 파이어 : 네이버 영화,액션,12세 관람가, 2021.03.17,,,콘스탄틴 카벤스키,,,,,,,,,,,,,,
186858,브레이브 하트2 : 네이버 영화,액션,,,,,,,,,,,,,,,,,,,
198555,블라이스 스피릿 : 네이버 영화,판타지,,,,,,,,,,,,,,,,,,,
68520,블라인드 : 네이버 영화,드라마,,,,,,,,,,,,,,,,,,,
184318,블랙 위도우 : 네이버 영화,액션,,,,,,,,,,,,,,,,,,,
206577,블랙핑크 더 무비 : 네이버 영화,,전체 관람가, 2021.08.04,9.24,151,블랙핑크,지수,,,,,,,,,,,,,
207173,블러드 비스트 : 네이버 영화,액션,,,,,,,,,,,,,,,,,,,
199212,블러드 스크린 : 네이버 영화,공포,청소년 관람불가, 2021.03.15,,,,비가 억수같이 쏟아지는 어느 날,,,,,,,,,,,,,
194328,블러드하운드 : 네이버 영화,미스터리,,,,,,,,,,,,,,,,,,,
180003,블루버드 인 마이 하트 : 네이버 영화,범죄,,,,,,,,,,,,,,,,,,,
201725,블룸 업: 스와핑 : 네이버 영화,다큐멘터리,청소년 관람불가, 2021.08.26,,,,13년 차 부부 베타와 에르메스.<br/>우연한 기회로 둘은 합의하에 ‘파트너 교환’,,,,,,,,,,,,,
189620,비밀의 정원 : 네이버 영화,드라마,12세 관람가, 2021.04.08,7.61,66,한우연,,,,,,,,,,,,,,
192620,비와 당신의 이야기 : 네이버 영화,드라마,,,,,,,,,,,,,,,,,,,
175540,비커밍 아스트리드 : 네이버 영화,드라마,15세 관람가, 2021.05.12,7.53,30,알바 어거스트,,,,,,,,,,,,,,
209076,비하인드 유 : 네이버 영화,공포,15세 관람가, 2021.10.28,,,애디 밀러,,,,,,,,,,,,,,
194648,빅풋 주니어2: 패밀리가 떴다 : 네이버 영화,애니메이션,,,,,,,,,,,,,,,,,,,
202986,빌리 홀리데이 : 네이버 영화,드라마,,,,,,,,,,,,,,,,,,,
194084,빛과 철 : 네이버 영화,드라마,12세 관람가, 2021.02.18,7.98,189,염혜란,,,,,,,,,,,,,,
193327,빛나는 순간 : 네이버 영화,드라마,12세 관람가, 2021.06.30,8.37,300,고두심,,,,,,,,,,,,,,
186609,빛의 아버지: 파이널 판타지 XIV : 네이버 영화,드라마,전체 관람가, 2021.01.14,8.83,64,사카구치 켄타로,,,,,,,,,,,,,,
191059,쁘떼뜨 : 네이버 영화,멜로/로맨스,12세 관람가, 2021.03.10,9.08,62,에밀리아 슐레,,,,,,,,,,,,,,
202669,쁘띠 마망 : 네이버 영화,드라마,,,,,,,,,,,,,,,,,,,
198412,사라센의 칼 : 네이버 영화,드라마,,,,,,,,,,,,,,,,,,,
198564,사라져버린 : 네이버 영화,액션,,,,,,,,,,,,,,,,,,,
195585,사랑하고 사랑받고 차고 차이고 : 네이버 영화,드라마,,,,,,,,,,,,,,,,,,,
196979,사랑하고 사랑받고,,,,,,,,,,,,,,,,,,,,
188872,사막을 건너 호수를 지나 : 네이버 영화,다큐멘터리,전체 관람가, 2021.12.30,8,15,황지은,,,,,,,,,,,,,,
201737,사보타지 1941 : 네이버 영화,드라마,,,,,,,,,,,,,,,,,,,
211177,사비나: 그리스도를 위한 고난,,,,,,,,,,,,,,,,,,,,
198481,사상 : 네이버 영화,다큐멘터리,12세 관람가, 2021.10.21,6.8,5,,끊임없이 착취가 벌어진 성희와 수영의 '삶'과 '몸'.<br/>자본이 숨기려고 했던 노동과 지우려고 했던 존재들.<br/>그들을 품고 있는 ‘사상’.<br/><br/>자본이 할퀴고 간 흔적이 고스란히 배인 사상에서 살아가는 존재들이 풍경처럼 펼쳐진다.,,,,,,,,,,,,,
203568,사운드 오브 데스 : 네이버 영화,공포,,,,,,,,,,,,,,,,,,,
208815,사운드오브서울 : 네이버 영화,다큐멘터리,12세 관람가, 2021.12.29,,,,전쟁의 상흔과 독재정치의 억압 속에서도 열정을 불태워온 한국 대중음악의 역사를 다룬 다큐멘터리,,,,,,,,,,,,,
118333,사울 레이터: 인 노 그레이트 허리 : 네이버 영화,다큐멘터리,전체 관람가, 2021.12.29,6.57,7,사울 레이터,영화 <캐롤>의 토드헤인즈 감독이 영감을 받았다고 밝힌 사진가.<br/><br/>50년대 뉴욕의 일상을 담은 사진들로<br/>‘컬러 사진의 선구자’,,,,,,,,,,,,,
204201,사일런스 앤드 다크니스 : 네이버 영화,공포,,,,,,,,,,,,,,,,,,,
196971,사일런싱 : 네이버 영화,공포,,,,,,,,,,,,,,,,,,,
207545,사제로부터 온 편지 : 네이버 영화,다큐멘터리,,,,,,,,,,,,,,,,,,,
200910,산타킬러스 : 네이버 영화,액션,,,,,,,,,,,,,,,,,,,
189444,살아남은 사람들 : 네이버 영화,드라마,,,,,,,,,,,,,,,,,,,
205619,살아있는 시체들의 숲 : 네이버 영화,액션,,,,,,,,,,,,,,,,,,,
202530,살인 매뉴얼 : 네이버 영화,공포,,,,,,,,,,,,,,,,,,,
208079,상견니 : 네이버 영화,드라마,,,,,,,,,,,,,,,,,,,
209400,상견니 대만판 13화 : 네이버 영화,드라마,,,,,,,,,,,,,,,,,,,
190382,새해전야 : 네이버 영화,멜로/로맨스,12세 관람가, 2021.02.10,6.97,1,,,,,,,,,,,,,,,
208771,색다른 그녀 : 네이버 영화,멜로/로맨스,,,,,,,,,,,,,,,,,,,
194082,생각의 여름 : 네이버 영화,드라마,12세 관람가, 2021.08.12,5.89,82,김예은,,,,,,,,,,,,,,
178267,샤먼 로드 : 네이버 영화,다큐멘터리,12세 관람가, 2021.07.03,9.56,18,박성미,,,,,,,,,,,,,,
192118,샬러턴 : 네이버 영화,드라마,15세 관람가, 2021.04.22,,,이반 트로얀,,,,,,,,,,,,,,
187348,샹치와 텐 링즈의 전설 : 네이버 영화,액션,,,,,,,,,,,,,,,,,,,
196529,섀도우 클라우드 : 네이버 영화,SF,,,,,,,,,,,,,,,,,,,
197465,서바이브 더 나잇 : 네이버 영화,액션,,,,,,,,,,,,,,,,,,,
159074,서복 : 네이버 영화,드라마,15세 관람가, 2021.04.15,6.33,3,,,,,,,,,,,,,,,
206578,서유기: 재세요왕 : 네이버 영화,애니메이션,전체 관람가, 2021.09.30,,,최승훈,,,,,,,,,,,,,,
188875,세버그 : 네이버 영화,드라마,,,,,,,,,,,,,,,,,,,
198736,세상의 모든 디저트: 러브 사라 : 네이버 영화,드라마,,,,,,,,,,,,,,,,,,,
193328,세자매 : 네이버 영화,드라마,15세 관람가, 2021.01.27,8.67,1,,,,,,,,,,,,,,,
201843,소리에 놀라지 않는 사자처럼 : 네이버 영화,다큐멘터리,전체 관람가, 2021.05.19,,,이금희,“서리를 맞으며 달을 벗삼는다”<br/>시끄러운 도심 속 가장 고요했던 상월선원<br/>아홉 스님의 위대하고 특별한 90일간의 동안거가 시작됐다.<br/><br/>하루 14시간 정진,,,,,,,,,,,,,
201687,소설가 구보의 하루 : 네이버 영화,드라마,12세 관람가, 2021.12.09,8.51,35,박종환,,,,,,,,,,,,,,
184517,소울 : 네이버 영화,애니메이션,전체 관람가, 2021.01.20,9.31,10,,,,,,,,,,,,,,,
201712,손오공-대몽서유기 : 네이버 영화,액션,,,,,,,,,,,,,,,,,,,
205298,솔저 발터 : 네이버 영화,전쟁,,,,,,,,,,,,,,,,,,,
201937,솔져스 리벤지 : 네이버 영화,액션,,,,,,,,,,,,,,,,,,,
202381,송가인 더 드라마 : 네이버 영화,,전체 관람가, 2021.02.11,9.05,401,송가인,대한민국 트로트 신드롬의 주역,,,,,,,,,,,,,
198478,송해 1927 : 네이버 영화,다큐멘터리,12세 관람가, 2021.11.18,8.71,62,송해,최고령 현역 연예인<br/>‘전국노래자랑’ 최장수 MC<br/>가수,,,,,,,,,,,,,
206220,쇼미더고스트 : 네이버 영화,코미디,,,,,,,,,,,,,,,,,,,
203677,쇼크 웨이브 2 : 네이버 영화,액션,,,,,,,, 국제금융센터, 주요 지하철 역까지 모조리 쓸어버릴 계획에 경악한다.,,,,,,,,,,
201685,숏버스 감독행 : 네이버 영화,드라마,,,,,,,,,,,,,,,,,,,
201801,숏버스 감성행 : 네이버 영화,멜로/로맨스,12세 관람가, 2021.08.19,8.3,10,이문규,,,,,,,,,,,,,,
201693,숏버스 기묘행 : 네이버 영화,미스터리,,,,,,,,,,,,,,,,,,,
201692,숏버스 배우행 : 네이버 영화,드라마,,,,,,,,,,,,,,,,,,,
201686,숏버스 섬뜩행 : 네이버 영화,드라마,,,,,,,,,,,,,,,,,,,
201800,숏버스 이별행 : 네이버 영화,코미디,,,,,,,,,,,,,,,,,,,
201718,수색자 : 네이버 영화,스릴러,15세 관람가, 2021.09.29,6.87,419,송창의,,,,,,,,,,,,,,
201828,수필러브 : 네이버 영화,,12세 관람가, 2021.09.01,,,김희철,,,,,,,,,,,,,,
207532,숲의 비명 : 사라진 사람들 : 네이버 영화,공포,,,,,,,,,,,,,,,,,,,
197413,슈퍼노바 : 네이버 영화,드라마,,,,,,,,,,,,,,,,,,,
180681,슈퍼문 : 네이버 영화,애니메이션,,,,,,,,,,,,,,,,,,,
206581,스네이크 아이즈: 지.아이.조 : 네이버 영화,액션,,,,,,,,,,,,,,,,,,,
200750,스마일 페이스 킬러 : 네이버 영화,공포,,,,,,,,,,,,,,,,,,,
108050,스매시 앤 그랩: 보석강도단 핑크 팬더 : 네이버 영화,다큐멘터리,,,,,,,,,,,,,,,,,,,
209027,스카이파이어 : 네이버 영화,액션,,,,,,,,,,,,,,,,,,,
201703,스쿨 아웃 포에버 : 네이버 영화,코미디,,,,,,,,,,,,,,,,,,,
203661,스쿨 오브 락(樂) : 네이버 영화,다큐멘터리,전체 관람가, 2021.05.13,8.75,24,방승호,꿈도,,,,,,,,,,,,,
199746,스토커 : 네이버 영화,스릴러,15세 관람가, 2021.08.12,,,크리스틴 고,오랜 연인과 엉망진창인 이별을 겪은 앤디 에스코베도는 새롭게 시작하기로 마음먹고 텍사스주 오스틴에서 LA로 이사한다.<br/>앤디는 낯선 도시에서 새로운 인맥을 얻으려고 다소 특이한 구석이 있는 승차 공유 기사 로저와 친구가 된다.<br/>하지만 앤디가 새로 만난 여자 친구 샘과의 연애에 푹 빠져 로저와 거리를 두기 시작하자<br/>로저는 갑자기 이상한 행동을 보이며 앤디의 목을 죄어 오는데...,,,,,,,,,,,,,
197523,스트레스 제로 : 네이버 영화,애니메이션,전체 관람가, 2021.02.03,8.5,106,임채헌,,,,,,,,,,,,,,
143565,스티브 맥퀸: 더 맨 앤 르망 : 네이버 영화,다큐멘터리,12세 관람가, 2021.10.28,8.25,4,스티브 맥퀸,,,,,,,,,,,,,,
191544,스틸워터 : 네이버 영화,드라마,,,,,,,,,,,,,,,,,,,
211093,스파르타쿠스 : 네이버 영화,,, 2021.12.11,9.38,13,,‘크라수스’가 이끄는 로마 제국 아래 ‘스파르타쿠스’와 그의 아내 ‘프리기아’는 노예로 전락하게 되고 노예상들에 의해 생이별을 하게 된다. 그녀를 향한 사랑과 자유에 대한 열망으로 다른 포로들의 도움을 받아 ‘스파르타쿠스’는 로마군에 대항해 반란을 일으키게 된다.<br/>하지만 ‘크라수스'를 정복하고 권력을 잡으려는 배신자 ‘아이기나’는 ‘스파르타쿠스’의 계획을 방해하는데…,,,,,,,,,,,,,
176026,스파이 캣 : 네이버 영화,애니메이션,전체 관람가, 2021.12.09,6.92,13,,지상 최고 스파이를 꿈꾸는 집냥이 ‘마니’는<br/>드래빌 마을에서 벌어진 연쇄 도난사건 해결을 위해<br/>쫄보 멍뭉이 ‘엘비스‘,,,,,,,,,,,,,
204200,스파이: 타임 투 저스티스 : 네이버 영화,액션,,,,,,,,,,,,,,,,,,,
208077,스파이더맨: 노 웨이 홈 : 네이버 영화,액션,,,,,,,,,,,,,,,,,,,
191570,스파이럴 : 네이버 영화,스릴러,청소년 관람불가, 2021.05.12,6.28,703,크리스 록,,,,,,,,,,,,,,
196052,스파이의 아내 : 네이버 영화,서스펜스,,,,,,,,,,,,,,,,,,,
201679,스페이스 독 3: 트로피컬 어드벤처 : 네이버 영화,애니메이션,,,,,,,,,,,,,,,,,,,
201901,스페이스 시그널 : 네이버 영화,모험,,,,,,,,,,,,,,,,,,,
203678,스페이스 잼: 새로운 시대 : 네이버 영화,애니메이션,,,,,,,,,,,,,,,,,,,
193621,스푸트닉 : 네이버 영화,SF,,,,,,,,,,,,,,,,,,,
198308,스프링 송 : 네이버 영화,드라마,,,,,,,,,,,,,,,,,,,
201798,스피릿 : 네이버 영화,애니메이션,,,,,,,,,,,,,,,,,,,
204175,습도 다소 높음 : 네이버 영화,코미디,,,,,,,,,,,,,,,,,,,
154947,시 읽는 시간 : 네이버 영화,다큐멘터리,12세 관람가, 2021.03.25,9.47,15,오하나,,,,,,,,,,,,,,
197640,시간의 끝에서 널 기다려 : 네이버 영화,드라마,,,,,,,,,,,,,,,,,,,
207474,시그널 X: 영혼의 구역 : 네이버 영화,미스터리,,,,,,,,,,,,,,,,,,,
201786,시카다 3301 : 네이버 영화,액션,,,,,,,,,,,,,,,,,,,
204174,식물카페,,,,,,,,,,,,,,,,,,,,
201921,신 테니스의 왕자 효테이 vs 릿카이 : 게임 오브 퓨처 전편 : 네이버 영화,애니메이션,전체 관람가, 2021.03.24,,,스와베 쥰이치,,,,,,,,,,,,,,
201836,신 테니스의 왕자 효테이 vs 릿카이 : 게임 오브 퓨처 후편 : 네이버 영화,애니메이션,전체 관람가, 2021.06.09,,,스와베 쥰이치,,,,,,,,,,,,,,
211612,신데렐라 2: 마법에 걸린 왕자 : 네이버 영화,애니메이션,,,,,,,,,,,,,,,,,,,
207914,신의 손 : 네이버 영화,드라마,청소년 관람불가, 2021.12.01,7.33,60,토니 세르빌로,,,,,,,,,,,,,,
209097,신조무림 : 네이버 영화,판타지,,,,,,,,,,,,,,,,,,,
209098,신조영웅 : 네이버 영화,액션,,,,,,,,,,,,,,,,,,,
203668,신해석 삼국지 : 네이버 영화,코미디,,,,,,,,,,,,,,,,,,,
196974,실: 인연의 시작 : 네이버 영화,드라마,,,,,,,,,,,,,,,,,,,
199916,실랏 : 옹박의 후예 : 네이버 영화,액션,, 2021.07.01,,,,알리,,,,,,,,,,,,,
201959,실종: 사라진 사람들 : 네이버 영화,스릴러,,,,,,,,,,,,,,,,,,,
193503,실크 로드 : 네이버 영화,범죄,,,,,,,,,,,,,,,,,,,
194666,십개월의 미래 : 네이버 영화,드라마,12세 관람가, 2021.10.14,8.11,199,최성은,,,,,,,,,,,,,,
69325,십계 : 네이버 영화,애니메이션,전체 관람가,,,,,,,,,,,,,,,,,,
189106,싱크로닉 : 네이버 영화,판타지,,,,,,,,,,,,,,,,,,,
188472,싱크홀 : 네이버 영화,드라마,12세 관람가, 2021.08.11,6.36,9,,,,,,,,,,,,,,,
211301,싸나희 순정 : 네이버 영화,드라마,,,,,,,,,,,,,,,,,,,
210264,싸반 : 네이버 영화,공포,,,,,,,,,,,,,,,,,,,
172189,써니 : 네이버 영화,드라마,15세 관람가, 2021.05.26,8.65,40,시노하라 료코,,,,,,,,,,,,,,
204781,썰 : 네이버 영화,코미디,,,,,,,,,,,,,,,,,,,
204875,아-하: 테이크 온 미 : 네이버 영화,다큐멘터리,,,,,,,,,,,,,,,,,,,
206657,아네트 : 네이버 영화,드라마,,,,,,,,,,,,,,,,,,,
185410,아담 : 네이버 영화,드라마,12세 관람가, 2021.08.25,7.56,18,루브나 아자발,,,,,,,,,,,,,,
210283,아담스 패밀리 2 : 네이버 영화,애니메이션,,,,,,,,,,,,,,,,,,,
195694,아들의 이름으로 : 네이버 영화,드라마,,,,,,,,,,,,,,,,,,,
201721,아리아 : 더 크레푸스콜로 : 네이버 영화,애니메이션,,,,,,,,,,,,,,,,,,,
144093,아리아 : 디 아베니레 : 네이버 영화,애니메이션,,,,,,,,,,,,,,,,,,,
205174,아메리칸 히트맨 : 네이버 영화,액션,청소년 관람불가, 2021.07.29,,,커크 카우에트,,,,,,,,,,,,,,
184366,아무도 없는 곳 : 네이버 영화,드라마,15세 관람가, 2021.03.31,6.82,374,연우진,,,,,,,,,,,,,,
192089,아버지의 길 : 네이버 영화,드라마,12세 관람가, 2021.09.30,8.72,29,고란 보그단,세르비아의 작은 시골마을.<br/>부당해고를 당해 일용직으로 근근이 하루를 살아가고 있는 두 아이의 아버지 니콜라.<br/>가난과 배고픔을 견디다 못한 아내는 회사에 대한 분노로 극단적인 행동을 하게 되고,,,,,,,,,,,,,
202352,아수라도 : 네이버 영화,액션,,,,,,,,,,,,,,,,,,,
194856,아야와 마녀 : 네이버 영화,애니메이션,,,,,,,,,,,,,,,,,,,
201906,아웃브레이크 : 네이버 영화,스릴러,15세 관람가, 2021.07.29,,,줄리 리브리턴,,,,,,,,,,,,,,
198626,아워 미드나잇 : 네이버 영화,드라마,12세 관람가, 2021.11.11,7.94,33,이승훈,,,,,,,,,,,,,,
194463,아이 : 네이버 영화,드라마,15세 관람가, 2021.02.10,9.13,908,김향기,,,,,,,,,,,,,,
186586,아이 씨 유 : 네이버 영화,공포,,,,,,,,,,,,,,,,,,,
188998,아이 엠 우먼 : 네이버 영화,드라마,,,,,,,,,,,,,,,,,,,
203468,아이들은 즐겁다 : 네이버 영화,드라마,전체 관람가, 2021.05.05,9.36,244,이경훈,,,,,,,,,,,,,,
205966,아이스 로드 : 네이버 영화,스릴러,12세 관람가, 2021.07.21,7.34,350,리암 니슨,,,,,,,,,,,,,,
205303,아이윌 송 : 네이버 영화,,12세 관람가, 2021.07.01,,,함은정,,,,,,,,,,,,,,
174772,아이카 : 네이버 영화,드라마,12세 관람가, 2021.03.25,9.18,22,사말 예슬라모바,더 나은 삶을 꿈꾸며 모스크바로 온 20 대 이주여성 아이카.<br/>어렵게 얻은 일자리를 지키기 위해 아기를 낳고 첫 젖을 물리기도 전에 병원에서 도망친다.<br/>아픈 몸을 이끌고 일터로 복귀하지만 월급은 떼이고 다시 새로운 일을 구해야 한다.<br/>일을 찾아 헤매는 거리에 무겁게 쌓인 눈처럼 고단한 매일이 그녀를 짓누른다.,,,,,,,,,,,,,
195073,아일로 : 네이버 영화,다큐멘터리,,,,,,,, 레밍, 토끼 등 <br/>때론 적이고 때론 친구가 되는 다양한 동물들과 만난다.<br/><br/>수많은 포식자의 위협과 예측 불허 상황 속에서 <br/>엄마의 도움으로 살아남는 법을 배우며, <br/>아일로도 어른 순록으로 성장한다.,,,,,,,,,
202673,아임 유어 맨 : 네이버 영화,코미디,,,,,,,,,,,,,,,,,,,
204622,아포칼립스: 인류 최후의 날 : 네이버 영화,액션,,,,,,,,,,,,,,,,,,,
195622,아홉수 로맨스 : 네이버 영화,멜로/로맨스,12세 관람가, 2021.02.24,8.21,86,조한나,,, 청춘의 끝? 아니 새로운 시작! 너랑 안 만나면 좋은 일이 생길 거야!,,,,,,,,,,,
201702,악인은 너무 많다 2: 제주 실종사건의 전말 : 네이버 영화,느와르,,,,,,,,,,,,,,,,,,,
195699,알파 테스트 : 네이버 영화,SF,,,,,,,,,,,,,,,,,,,
194830,암모나이트 : 네이버 영화,드라마,,,,,,,,,,,,,,,,,,,
191929,암살자들 : 네이버 영화,다큐멘터리,15세 관람가, 2021.08.12,8.8,69,,2017년 02월 13일,,,,,,,,,,,,,
209598,애프터: 관계의 함정 : 네이버 영화,멜로/로맨스,15세 관람가, 2021.10.27,7.29,152,조세핀 랭포드,,,,,,,,,,,,,,
196473,애플 : 네이버 영화,드라마,12세 관람가, 2021.05.26,7.84,69,알리스 세르베탈리스,,,,,,,,,,,,,,
201783,액션히어로 : 네이버 영화,액션,,,,,,,,,,,,,,,,,,,
199024,앰뷸런스 : 네이버 영화,스릴러,15세 관람가, 2021.11.25,7.23,13,클로틸드 헤스메,,,,,,,,,,,,,,
194820,어 굿 맨 : 네이버 영화,드라마,15세 관람가, 2021.11.18,7,20,노에미 메를랑,조용한 섬마을에서 함께 살고 있는 ‘벤자민’과 ‘오드’는<br/>서로를 유일하게 이해하는 6년 차 연인이다.<br/><br/>가정을 꾸리고 싶은 두 사람은 아이를 갖기 위해 노력하지만,,,,,,,,,,,,,
196055,어니스트 씨프 : 네이버 영화,액션,,,,,,,,,,,,,,,,,,,
195691,어른들은 몰라요 : 네이버 영화,드라마,청소년 관람불가, 2021.04.15,4.61,1,,,,,,,,,,,,,,,
191907,어시스턴트 : 네이버 영화,드라마,12세 관람가, 2021.09.16,8.19,27,줄리아 가너,꿈에 그리던 영화사에서<br/>보조 직원으로 일하게 된 ‘제인’<br/><br/>어떤 일도 능숙하게 처리하는<br/>그녀의 일상은 평범해 보이지만,,,,,,,,,,,,,
194327,어쌔신 게임 : 네이버 영화,범죄,,,,,,,,,,,,,,,,,,,
199391,어쌔신 프리스트 벡맨 : 네이버 영화,액션,15세 관람가, 2021.05.05,,,데이빗 A.R. 화이트,,,,,,,,,,,,,,
203466,어썰트 33 : 네이버 영화,액션,15세 관람가, 2021.04.22,,,숀 패트릭 프레너리,,,,,,,,,,,,,,
186107,어웨이 : 네이버 영화,애니메이션,,,,,,,,,,,,,,,,,,,
208876,어쩌다 유모! : 네이버 영화,코미디,12세 관람가, 2021.12.16,,,,은퇴 후 자유로운 생활을 꿈꾸던 세 황혼들!<br/>노년의 현실이 이상과 다르다는 것을 깨닫고<br/>조부모 대행 서비스에 등록해<br/>새로운 ‘유모’로서의 삶을 시작하게 되는데…,,,,,,,,,,,,,
197460,어처구니 없는 : 네이버 영화,미스터리,,,,,,,,,,,,,,,,,,,
172200,억남 : 네이버 영화,드라마,,,,,,,,,,,,,,,,,,,
189569,언더그라운드 : 네이버 영화,다큐멘터리,12세 관람가, 2021.08.19,7.62,8,,모두가 잰걸음으로 땅 위 삶을 향해 지하를 거쳐만 갈 때<br/>'언더그라운드'에는 이 반듯한 공간을 움직이는 사람들이 있다<br/><br/>오늘도 시끄럽게만 돌아가는 세상 아래<br/>지하에서의 삶은 어떠한지 그들에게 다가간다<br/><br/>도시를 지탱하는 지하의 노선도,,,,,,,,,,,,,
210807,언포기버블 : 네이버 영화,드라마,15세 관람가, 2021.11.24,9.08,624,산드라 블록,,,,,,,,,,,,,,
201683,언힐러 : 네이버 영화,SF,,,,,,,,,,,,,,,,,,,
208883,에이펙스 : 네이버 영화,액션,,,,,,,,,,,,,,,,,,,
182737,엑소시즘: 악령의 눈동자 : 네이버 영화,공포,청소년 관람불가, 2021.09.08,,,리암 폭스,,,,,,,,,,,,,,
195587,엔드리스 : 네이버 영화,판타지,,,,,,,,,,,,,,,,,,,
210282,엔칸토: 마법의 세계 : 네이버 영화,애니메이션,전체 관람가, 2021.11.24,8.26,2,,,,,,,,,,,,,,,
185358,엘레강스 에스코트 : 네이버 영화,멜로/로맨스,15세 관람가, 2021.09.02,,,에밀리 피포니어,,,,,,,,,,,,,,
193096,엘프 : 네이버 영화,애니메이션,전체 관람가, 2021.02.10,8.5,24,손선영,,,,,,,,,,,,,,
187849,여고괴담 여섯번째 이야기 : 모교 : 네이버 영화,미스터리,,,,,,,,,,,,,,,,,,,
207364,여름날 우리 : 네이버 영화,멜로/로맨스,,,,,,,,,,,,,,,,,,,
210932,여타짜 : 네이버 영화,범죄,,,,,,,,,,,,,,,,,,,
196809,연애 빠진 로맨스 : 네이버 영화,멜로/로맨스,,,,,,,,,,,,,,,,,,,
203721,열아홉 : 네이버 영화,드라마,15세 관람가, 2021.06.30,7.2,25,손영주,,,,,,,,,,,,,,
201950,영면 : 네이버 영화,드라마,12세 관람가, 2021.07.01,,,성승택,,,,,,,,,,,,,,
194400,영안실,,,,,,,,,,,,,,,,,,,,
201724,영화의 거리 : 네이버 영화,멜로/로맨스,,,,,,,, 첫눈에 반한<br/>* 여자 주인공: 로케이션매니저, 사이다녀, 능력녀, 유쾌녀, 우월녀<br/>* 남자 주인공: 영화감독, 츤데레남, 뇌섹남, 능력남, 계략남, 후회남<br/>* 이럴 때 보자: 헤어진 연인이 일로 만난 사이가 된 리얼 이불킥 로맨스가 보고 싶을 때<br/>* 공감 대사: “니 진짜 사람 속 헤집어놓는데 뭐 있네. 여기 왜 다시 왔는데”<br/>“일단 사적인 감정은 배제하고 일한 땐, 일하자”,
194347,오늘,,,,,,,,,,,,,,,,,,,,
168074,오필리아 : 네이버 영화,드라마,,,,,,,,,,,,,,,,,,,
66274,옥스포드 살인사건 : 네이버 영화,범죄,,,,,,,,,,,,,,,,,,,
201748,온 더 로드 : 네이버 영화,다큐멘터리,전체 관람가, 2021.07.21,,,김재중,그룹 JYJ 출신 가수 겸 연기자인 김재중의 이야기를 다룬 다큐멘터리,,,,,,,,,,,,,
210272,올 어바웃 섹스 : 네이버 영화,드라마,청소년 관람불가, 2021.10.28,,,,세이지,,,,,,,,,,,,,
200065,올드 : 네이버 영화,스릴러,,,,,,,,,,,,,,,,,,,
190748,올리버 색스: 그의 생애 : 네이버 영화,다큐멘터리,12세 관람가, 2021.08.26,6.83,6,올리버 색스,,,,,,,,,,,,,,
205285,와인 패밀리 : 네이버 영화,드라마,,,,,,,,,,,,,,,,,,,
200051,와일드 마운틴 타임 : 네이버 영화,멜로/로맨스,12세 관람가,,,,,,,,,,,,,,,,,,
188470,완벽한 가족 : 네이버 영화,드라마,15세 관람가, 2021.01.06,7.18,67,수잔 서랜든,,,,,,,,,,,,,,
209647,왕십리 김종분 : 네이버 영화,다큐멘터리,12세 관람가, 2021.11.11,9.11,36,김종분,,,,,,,,,,,,,,
201682,왼팔의복서 닉 : 네이버 영화,드라마,15세 관람가, 2021.12.09,7.6,5,코디 크리스티앙,,,,,,,,,,,,,,
190455,요요현상 : 네이버 영화,다큐멘터리,전체 관람가, 2021.01.14,9.04,51,문현웅,,,,,,,,,,,,,,
207284,용과 주근깨 공주 : 네이버 영화,애니메이션,,,,,,,,,,,,,,,,,,,
201656,용루각2: 신들의 밤 : 네이버 영화,미스터리,15세 관람가, 2021.02.10,,,지일주,,,,,,,,,,,,,,
188466,우리,,,,,,,,,,,,,,,,,,,,
188195,우리는 매일매일 : 네이버 영화,다큐멘터리,12세 관람가, 2021.06.30,7.86,160,허은주,,,,,,,,,,,,,,
201675,우리는 이별에 서툴러서 : 네이버 영화,드라마,,,,,,,, 그 모습을 멀리서 보고 오해한 혁이가 동익에게 날라차기를 하는데..<br/><br/>4. 헬로하와유<br/>어머니 가게인 코인노래방에서 자가격리 중인 지안에게 10년 만난 남자친구 동훈 이 찾아온다. 노래방 유리 사이로 서로의 오해를 풀고 다시 사랑하게 된다.,,,,,,,,,,,
197069,울림의 탄생 : 네이버 영화,다큐멘터리,전체 관람가, 2021.10.21,9.18,22,임선빈,,,,,,,,,,,,,,
154286,워 위드 그랜파 : 네이버 영화,코미디,12세 관람가,,,,,,,,,,,,,,,,,,
203102,워 히어로: 솔져 오브 갓 : 네이버 영화,액션,15세 관람가, 2021.04.19,,,제리 체서,영화 '포레스트 검프' 주인공 이름의 모티브가 된 실존 인물인 네이선 베드퍼드 포레스트의 일생을 그린 영화.<br/>포레스트는 미국 남북전쟁 당시 남부 연합의 장군으로 전쟁에 참여해 맹활약을 펼친 역사적 인물이다.<br/>가난한 대장장이의 아들이었지만 타고난 리더십이 있었던 포레스트는<br/>1861년 남부 연합군에 입대 후 곧 지휘관의 자리에 오르게 된다.<br/>다른 장교들과는 달리 늘 기발한 전술과 전략을 구사하며 '안장 위의 마법사'라는 별명까지 얻었던 포레스트.<br/>미국 남북전쟁의 숨은 영웅이었던 그의 이야기를 영화로 만나보자,,,,,,,,,,,,,
191927,워스 : 네이버 영화,드라마,12세 관람가, 2021.07.21,8.53,55,마이클 키튼,,,,,,,,,,,,,,
195159,원타치 : 네이버 영화,액션,청소년 관람불가, 2021.02.18,,,미모토 마사노리,,,,,,,,,,,,,,
168091,원티드 킬러 : 네이버 영화,드라마,,,,,,,,,,,,,,,,,,,
202361,웨이 다운 : 네이버 영화,액션,,,,,,,, 픽서, 그리고 해커, 5명의 팀원들과 함께 동전을 되찾아야 한다.,,,,,,,,,
191926,웬디 : 네이버 영화,드라마,,,,,,,,,,,,,,,,,,,
201204,웬디고: 전설의 몬스터 : 네이버 영화,공포,15세 관람가, 2021.01.25,,,,결혼을 앞둔 애덤과 그의 친구 거스는 총각 파티를 대신해 하이킹에 나선다.<br/>본격적인 하이킹을 시작하기 전날 묵은 숙소에서 거스는 이상한 그림을 발견하고,,,,,,,,,,,,,
143411,위험한 정사 2 : 네이버 영화,미스터리,,,,,,,,,,,,,,,,,,,
189771,윙스 오버 에베레스트 : 네이버 영화,액션,15세 관람가, 2021.09.30,,,장징추,,,,,,,,,,,,,,
197447,유공자 : 네이버 영화,드라마,,,,,,,,,,,,,,,,,,,
196372,유다 그리고 블랙 메시아 : 네이버 영화,드라마,15세 관람가, 2021.04.22,7.31,109,다니엘 칼루야,,,,,,,,,,,,,,
196053,유어 아이즈 텔 : 네이버 영화,멜로/로맨스,15세 관람가, 2021.03.11,9.46,99,요시타카 유리코,,,,,,,,,,,,,,
182362,유체이탈자 : 네이버 영화,액션,15세 관람가, 2021.11.24,7.51,3,,,,<br/>자신을 찾기 위한 사투를 시작하는데…<br/><br/>진짜 나를 찾기 위한 본능적 액션이 시작된다!<br/><br/>2021 Trieste Science+Fiction Festival<br/>2021 Mayhem Film Festival<br/>2021 London East Asia Film Festival CLOSING GALA,,,,,,,,,,,
201272,은혼 더 파이널 : 네이버 영화,애니메이션,15세 관람가, 2021.07.22,9.32,285,스기타 토모카즈,,,,,,,,,,,,,,
194889,이 안에 외계인이 있다 : 네이버 영화,코미디,,,,,,,,,,,,,,,,,,,
203465,이번엔 잘 되겠지 : 네이버 영화,코미디,15세 관람가, 2021.07.08,8.78,105,윤다훈,,,,,,,,,,,,,,
211286,이상존재 : 네이버 영화,공포,15세 관람가, 2021.12.09,4.3,196,유세윤,,,,,,,,,,,,,,
191548,이스케이프 룸 2: 노 웨이 아웃 : 네이버 영화,액션,,,,,,,,,,,,,,,,,,,
198234,이스케이프 큐브 : 네이버 영화,공포,,,,,,,,,,,,,,,,,,,
184311,이터널스 : 네이버 영화,액션,,,,,,,,,,,,,,,,,,,
191631,인 더 하이츠 : 네이버 영화,뮤지컬,12세 관람가, 2021.06.30,7.95,641,안소니 라모스,,,,,,,,,,,,,,
186237,인생게임 : 네이버 영화,드라마,12세 관람가, 2021.12.30,,,송용진,,,,,,,,,,,,,,
200286,인싸 : 네이버 영화,액션,,,,,,,,,,,,,,,,,,,
185614,인질 : 네이버 영화,액션,,,,,,,,,,,,,,,,,,,
194907,인천스텔라 : 네이버 영화,SF,,,,,,,,,,,,,,,,,,,
154259,인투 더 미러 : 네이버 영화,SF,,,,,,,,,,,,,,,,,,,
202541,인트로덕션 : 네이버 영화,,12세 관람가, 2021.05.27,7.22,129,신석호,,,,,,,,,,,,,,
194790,일론 머스크: 리얼 아이언맨 : 네이버 영화,다큐멘터리,전체 관람가, 2021.02.11,,,엘론 머스크,,,,,,,,,,,,,,
201838,일루셔니스트 : 네이버 영화,액션,,,,,,,,,,,,,,,,,,,
122154,잃어버린 아이들 : 네이버 영화,드라마,12세 관람가, 2021.04.08,,,유덕화,,,,,,,,,,,,,,
202382,잃어버린 얼굴 1895 : 네이버 영화,뮤지컬,전체 관람가, 2021.02.24,,,차지연,,,,,,,,,,,,,,
167721,자마 : 네이버 영화,드라마,15세 관람가, 2021.08.26,6.76,38,다니엘 기메네즈 카쵸,18세기 말 스페인 식민지 남미의 한 벽지.<br/>치안판사 자마는 스페인 국왕의 전근 발령을 초조하게 기다리지만 몇 년째 감감무소식이다.<br/>“비쿠냐 포르토” 라는 도적떼에 대한 소문이 지역 사회를 공포에 몰아넣는 가운데,,,,,,,,,,,,,
186118,자메이카의 소울: 이나 데 야드 : 네이버 영화,다큐멘터리,12세 관람가, 2021.07.14,9,3,,오래된 레코드판이 가득한 집 앞 마당,,,,,,,,,,,,,
189075,자산어보 : 네이버 영화,드라마,12세 관람가, 2021.03.31,9.34,3,,,,,,,,,,,,,,,
186238,작은 방안의 소녀 : 네이버 영화,가족,,,,,,,,,,,,,,,,,,,
201837,작전: 라스트 어썰트 : 네이버 영화,액션,,,,,,,,,,,,,,,,,,,
188768,잘리카투 : 네이버 영화,액션,,,,,,,,,,,,,,,,,,,
185264,장르만 로맨스 : 네이버 영화,드라마,,,,,,,,,,,,,,,,,,,
194663,저승보다 낯선 : 네이버 영화,드라마,15세 관람가, 2021.06.30,,,여균동,,,,,,,,,,,,,,
201839,저주받은 자들 : 네이버 영화,공포,,,,,,,,,,,,,,,,,,,
205965,적과의 동침 : 네이버 영화,스릴러,,,,,,,,,,,,,,,,,,,
206594,적인걸: 나찰의 비밀 : 네이버 영화,액션,12세 관람가, 2021.07.09,,,양공여,당나라 황궁에서 복을 기원하는 칠묘 대전이 열리는 날,,,,,,,,,,,,,
201920,적호서생 : 네이버 영화,액션,,,,,,,,,,,,,,,,,,,
205161,전야 : 네이버 영화,액션,,,,,,,,,,,,,,,,,,,
184320,전주에서 길을 묻다 : 네이버 영화,드라마,12세 관람가, 2021.06.01,7.55,11,강양은,,,,,,,,,,,,,,
191958,점보 : 네이버 영화,드라마,15세 관람가, 2021.05.05,,,노에미 메를랑,,,,,,,,,,,,,,
179406,정글 크루즈 : 네이버 영화,액션,,,,,,,,,,,,,,,,,,,
193043,정말 먼 곳 : 네이버 영화,드라마,12세 관람가, 2021.03.18,7.98,130,강길우,,,,,,,,,,,,,,
201949,정브르의 동물일기 : 네이버 영화,다큐멘터리,전체 관람가, 2021.02.24,,,,90만 생물 크리에이터 정브르!<br/>어릴적부터 동물을 사랑한 정브르가 동물원의 일일사육사가<br/>되어 동물들을 만나게 된다.<br/>코끼리의 똥을 사랑하는 사자,,,,,,,,,,,,,
126531,정사4-위험한 사랑 : 네이버 영화,드라마,,,,,,,,,,,,,,,,,,,
201802,정사: 서로 다른 욕망 : 네이버 영화,코미디,,,,,,,,,,,,,,,,,,,
168020,제이티 르로이 : 네이버 영화,드라마,15세 관람가, 2021.01.21,8.28,40,크리스틴 스튜어트,,,,,,,,,,,,,,
195970,조제,,,,,,,,,,,,,,,,,,,,
197487,족벌 두 신문 이야기 : 네이버 영화,다큐멘터리,12세 관람가, 2021.01.01,8.82,436,,앞잡이<br/>1985년 동아일보와 조선일보는 느닷없이 ‘친일 공방’을 벌인다. 누가 더 ‘친일지’고 ‘민족지’인지 다투는 이전투구였다. 두 신문이 한사코 감추려 한 ‘일제의 앞잡이’ 역사를 추적한다.<br/><br/>밤의 대통령<br/>일제가 가고 두 신문 앞에 새로운 권력이 나타났다. 이들은 박정희,,,,,,,,,,,,,
182829,존 도우 : 네이버 영화,공포,,,,,,,,,,,,,,,,,,,
205981,졸트 : 네이버 영화,액션,15세 관람가, 2021.10.14,5.83,47,케이트 베킨세일,,,,,,,,,,,,,,
194886,좀비크러쉬: 헤이리 : 네이버 영화,코미디,,,,,,,,,,,,,,,,,,,
198622,종착역 : 네이버 영화,드라마,전체 관람가, 2021.09.23,7.49,49,설시연,,,,,,,,,,,,,,
198304,좋은 빛,,,,,,,,, 투쟁하게 했던 국가 폭력의 기억은 이제 시대를 넘어 우리 다음 세대에게 전달돼 추모와 애도의 현재적 의미를 다지고, 우리가 정립해나가고자 하는 미래로 향해, 분명 더 좋은 빛과 더 좋은 공기가 될 것이다.,,,,,,,,,
198623,좋은 사람 : 네이버 영화,서스펜스,,,,,,,,,,,,,,,,,,,
201946,주세페 베르디의 `레퀴엠` : 네이버 영화,,전체 관람가, 2021.03.01,,,프란체스코 멜리,,, 통일성과 방백을 지닌 연극처럼 다루어진 이 ‘레퀴엠’은 ‘망자(亡者)의 오페라’처럼 보인다. 그것은 진한 감동을 주는 한 편의 멜로드라마로서, 미켈란젤로의 천장화 ‘최후의 심판’의 환영을 보는 듯한 힘과 함께 죽음의 신비와 맞닥뜨린 고통을 승화시킨다” (베르디: 음악과 극의 만남, 알랭 뒤오),,,,,,,,,
23138,죽어도 좋은 경험 : 네이버 영화,드라마,,,,,,,,,,,,,,,,,,,
200574,죽을 때까지 : 네이버 영화,스릴러,청소년 관람불가, 2021.09.09,6.58,45,메간 폭스,,,,,,,,,,,,,,
210802,죽이러 간다 : 네이버 영화,드라마,,,,,,,,,,,,,,,,,,,
201749,지저귀는 새는 날지 않는다: 돈 스테이 골드 : 네이버 영화,애니메이션,청소년 관람불가, 2021.10.28,8.54,13,,뒷골목에서 거친 생활을 하는 남자와 그를 치료해 주던 의사와의 사랑 이야기를 그린 애니메이션 영화,,,,,,,,,,,,,
209023,진마사 사상복마 : 네이버 영화,액션,,,,,,,,,,,,,,,,,,,
208981,진혼법사 : 네이버 영화,액션,15세 관람가, 2021.11.30,,,우첸위,,,,,,,,,,,,,,
194195,차인표 : 네이버 영화,코미디,15세 관람가, 2021.01.01,,,차인표,,,,,,,,,,,,,,
201674,창극 패왕별희 : 네이버 영화,,전체 관람가, 2021.09.23,,,김준수,,,,,,,,,,,,,,
201745,챔피언 : 네이버 영화,드라마,,,,,,,,,,,,,,,,,,,
207348,척살대 : 네이버 영화,액션,15세 관람가, 2021.08.03,,,진일나,마도문의 제자 ‘아청’은 사부의 명으로 당문의 장문에게 서신을 전달하려 길을 떠난다.<br/>허나 당문을 비롯한 강호의 각 무림 장문들이 원인 모를 독에 중독되어 사경을 헤매게 되고<br/>그 원인이 불양수의 음모임을 알게 된 ‘아청’은 창술의 ‘복풍’,,,,,,,,,,,,,
201823,천녀유혼: 귀애도 : 네이버 영화,,15세 관람가, 2021.10.14,,,,서생 왕현은 과거를 보러 경성으로 가다가 그가 묵던 사찰 앞에서 두 사람이 목이 잘려 죽는 사건이 발생하는데 왕현은 무고하게 살인 혐의로 감옥에 갇힌다. 한편 3년 전 억울하게 가족과 함께 살해당한 호미낭은 자신의 억울함을 풀고 복수해 줄 사람으로 왕현을 택하고 옥에 들어간 왕현을 구해준다. 게다가 호미낭은 왕현을 장원 급제까지 시켜줘서 왕현은 현령으로 부임하여 공정하고 깨끗한 일처리로 많은 이들의 칭찬을 받는다. 고위 관직 오 시랑은 그런 왕현을 눈 여겨 보고 그를 지부로 발탁한다. 지부가 된 왕현은 적극적으로 3년 전 호미낭의 사건을 조사하기 시작하고 그와 동시에 주위에서는 계속 살인 사건이 발생하는데...,,,,,,,,,,,,,
195157,천녀유혼: 인간정 : 네이버 영화,판타지,,,,,,,,,,,,,,,,,,,
162422,천사는 바이러스 : 네이버 영화,드라마,15세 관람가, 2021.01.06,8.79,62,박성일,,,,,,,,,,,,,,
209099,천지열혈 양가장 : 네이버 영화,액션,,,,,,,,,,,,,,,,,,,
196578,첫눈이 사라졌다 : 네이버 영화,판타지,15세 관람가, 2021.10.20,6.81,63,알렉 엇가프,,,,,,,,,,,,,,
197061,청춘 선거 : 네이버 영화,다큐멘터리,12세 관람가, 2021.06.17,7.35,17,고은영,,,,,,,,,,,,,,
204782,체르노빌 1986 : 네이버 영화,액션,,,,,,,,,,,,,,,,,,,
201877,초능력 에볼루션 : 네이버 영화,SF,,,,,,,,,,,,,,,,,,,
197062,총을 들지 않는 사람들: 금기에 도전 : 네이버 영화,다큐멘터리,12세 관람가, 2021.12.09,5.92,13,이용석,,,,,,,,,,,,,,
202526,최면 : 네이버 영화,공포,,,,,,,,,,,,,,,,,,,
198497,최선의 삶 : 네이버 영화,드라마,15세 관람가, 2021.09.01,8.09,185,방민아,,,,,,,,,,,,,,
195155,추룡 2 : 패왕 : 네이버 영화,액션,,,,,,,,,,,,,,,,,,,
197459,칙 파이트 : 네이버 영화,드라마,,,,,,,,,,,,,,,,,,,
199294,침묵의 숲 : 네이버 영화,드라마,청소년 관람불가, 2021.11.04,7.88,26,진연비,,,,,,,,,,,,,,
208264,카라타이: 태양의 전사 : 네이버 영화,액션,,,,,,,,,,,,,,,,,,,
133228,카르멘 : 네이버 영화,,15세 관람가, 2021.04.03,,,다니엘 바렌보임,,,,,,,,,,,,,,
201757,카발레리아 루스티카나 : 네이버 영화,,12세 관람가, 2021.07.03,,,,1880년경,,,,,,,,,,,,,
163811,카오스 워킹 : 네이버 영화,모험,15세 관람가, 2021.02.24,6.21,736,톰 홀랜드,,,,,,,,,,,,,,
209022,칼리버 9: 마피아 워 : 네이버 영화,액션,,,,,,,,,,,,,,,,,,,
209277,캅샵: 미친놈들의 전쟁 : 네이버 영화,액션,,,,,,,,,,,,,,,,,,,
201731,캐논볼 : 네이버 영화,드라마,,,,,,,,,,,,,,,,,,,
204214,캐시트럭 : 네이버 영화,액션,청소년 관람불가, 2021.06.09,7.94,1,,,,,,,,,,,,,,,
211178,캔들 게임 : 네이버 영화,공포,15세 관람가, 2021.11.03,,,에이미 스마트,,,,,,,,,,,,,,
200749,캔디 위치 : 네이버 영화,공포,청소년 관람불가, 2021.02.08,,,,영혼과 교감할 수 있는 능력을 지닌 퇴마사 리스.<br/>어느 날 밤,,,,,,,,,,,,,
190725,캔디맨 : 네이버 영화,미스터리,,,,,,,,,,,,,,,,,,,
198761,커넥트 : 네이버 영화,공포,,,,,,,,,,,,,,,,,,,
201365,커밍 홈 인 더 다크 : 네이버 영화,스릴러,,,,,,,,,,,,,,,,,,,
202910,커피 오어 티 : 네이버 영화,코미디,,,,,,,,,,,,,,,,,,,
190726,컨저링 3: 악마가 시켰다 : 네이버 영화,공포,,,,,,,,,,,,,,,,,,,
185365,컴 애즈 유 아 : 네이버 영화,코미디,,,,,,,,,,,,,,,,,,,
198300,컴백 트레일 : 네이버 영화,코미디,,,,,,,,,,,,,,,,,,,
208911,케이지드 : 네이버 영화,스릴러,,,,,,,,,,,,,,,,,,,
171476,켈리 갱 : 네이버 영화,범죄,,,,,,,,,,,,,,,,,,,
170104,코끼리와 나비 : 네이버 영화,드라마,,,,,,,,,,,,,,,,,,,
201073,코다 : 네이버 영화,드라마,12세 관람가, 2021.08.31,9.14,961,에밀리아 존스,,,,,,,,,,,,,,
201785,코드 카림 : 네이버 영화,액션,15세 관람가, 2021.08.26,5,14,,국가로부터 은밀한 지령을 받고 임무를 수행하던 첩보 요원 ‘카림’.<br/>그동안 겪었던 끔찍한 기억을 뒤로하고 자신의 인생을 되찾기로 결심한다.<br/>하지만,,,,,,,,,,,,,
183103,코드기아스: 부활의 를르슈 : 네이버 영화,애니메이션,,,,,,,,,,,,,,,,,,,
203306,코스믹 씬 : 네이버 영화,SF,,,,,,,,,,,,,,,,,,,
189368,콰이어트 플레이스 2 : 네이버 영화,스릴러,15세 관람가, 2021.06.16,8.14,3,,,,,,,,,,,,,,,
172290,쿠사마 야요이: 무한의 세계 : 네이버 영화,다큐멘터리,전체 관람가, 2021.05.19,9.18,22,쿠사마 야요이,‘호박’,,,,,,,,,,,,,
196576,쿠오바디스,,,,,,,,,,,,,,,,,,,,
194719,크라이시스 : 네이버 영화,드라마,,,,,,,,,,,,,,,,,,,
186410,크레센도 : 네이버 영화,드라마,12세 관람가, 2021.06.24,8.93,43,페테르 시모니슈에크,,,,,,,,,,,,,,
197496,크루아상 : 네이버 영화,드라마,12세 관람가, 2021.01.21,9.18,92,남보라,,,,,,,,,,,,,,
187322,크루엘라 : 네이버 영화,드라마,,,,,,,, 에스텔라<br/><br/>난 이제 크루엘라야!,,,,,,,,,,,
107992,크루즈 패밀리: 뉴 에이지 : 네이버 영화,애니메이션,,,,,,,,,,,,,,,,,,,
209077,크림 : 네이버 영화,멜로/로맨스,15세 관람가, 2021.11.04,6.58,19,비카 케레케스,,,,,,,,,,,,,,
196369,큰엄마의 미친봉고 : 네이버 영화,코미디,12세 관람가, 2021.01.21,6.02,819,정영주,,,,,,,,,,,,,,
198941,클라이밍 : 네이버 영화,애니메이션,15세 관람가, 2021.06.16,5.61,75,김민지,,,,,,,,,,,,,,
209095,클리너:살인마의 집 : 네이버 영화,스릴러,청소년 관람불가, 2021.10.28,,,,성희롱이 심한 브래드 밑에서 일하던 사라와 알튼은 어느 날 브래드에게 사기 의심을 받고 해고된다. 아들과 이사를 가기 위해 임시직으로 범죄 현장 특수 청소 일을 하게 되는데,,,,,,,,,,,,,
186278,클리닝 레이디 : 네이버 영화,공포,,,,,,,,,,,,,,,,,,,
154258,키퍼스 : 네이버 영화,드라마,,,,,,,,,,,,,,,,,,,
204624,킬러의 보디가드 2 : 네이버 영화,액션,,,,,,,,,,,,,,,,,,,
207523,킬러의 보디가드 2: 킬러의 와이프 : 네이버 영화,액션,,,,,,,,,,,,,,,,,,,
204220,킬러의 카운슬러 : 네이버 영화,스릴러,,,,,,,,,,,,,,,,,,,
201914,킬러파티 (양수리 살인사건) : 네이버 영화,뮤지컬,15세 관람가, 2021.03.31,,,양준모,,,,,,,,,,,,,,
178065,킬링 : 네이버 영화,드라마,청소년 관람불가, 2021.04.07,,,츠카모토 신야,,,,,,,,,,,,,,
191889,킬링 오브 투 러버스 : 네이버 영화,멜로/로맨스,12세 관람가, 2021.10.14,8.47,34,클레인 크로포드,,,,,,,,,,,,,,
208738,킬링 카인드: 킬러의 수제자 : 네이버 영화,액션,,,,,,,,,,,,,,,,,,,
159893,킹스맨: 퍼스트 에이전트 : 네이버 영화,액션,청소년 관람불가, 2021.12.22,7.83,4,,,,,,,,,,,,,,,
201735,타다: 대한민국 스타트업의 초상 : 네이버 영화,다큐멘터리,전체 관람가, 2021.10.14,8.02,128,박재욱,한국의 우버로 불리며 폭발적으로 성장하던 모빌리티 플랫폼 타다(TADA).<br/>출시한 지 9개월 만에 100만 유저를 확보하며 승승장구하던 중 택시업계의 반발로 법적 공방에 휘말린다.<br/>뜨거운 논란 속 치러진 1심에서 무죄 판결을 받은 날,,,,,,,,,,,,,
210895,타이거마스크 : 네이버 영화,코미디,,,,,,,,,,,,,,,,,,,
183234,타인의 친절 : 네이버 영화,드라마,12세 관람가, 2021.04.07,8.27,91,조 카잔,,,,,,,,,,,,,,
210256,타임 이즈 업 : 네이버 영화,멜로/로맨스,15세 관람가, 2021.11.11,,,벨라 손,,,,,,,,,,,,,,
192012,탐험왕 엘카노&마젤란: 위대한 첫 번째 항해 : 네이버 영화,애니메이션,전체 관람가, 2021.05.06,,,,마젤란과 함께 아시아 해상무역의 모험을 떠난 젊은 선원이 방해 공작과 자연재해를 극복하고 항해 임무를 완수하는 내용을 담은 애니메이션,,,,,,,,,,,,,
191638,태양은 움직이지 않는다 : 네이버 영화,액션,15세 관람가, 2021.11.10,3.91,80,후지와라 타츠야,,,,,,,,,,,,,,
154000,태양을 덮다 : 네이버 영화,드라마,전체 관람가, 2021.03.11,,,키타무라 유키야,정치부 기자인 나베시마는 지진과 정부의 대처를 취재하던 중,,,,,,,,,,,,,
180382,태일이 : 네이버 영화,애니메이션,전체 관람가, 2021.12.01,8.42,436,장동윤,,,,,,,,,,,,,,
203085,턴: 더 스트릿 : 네이버 영화,드라마,,,,,,,,,,,,,,,,,,,
201903,테이큰 하드체이싱 : 네이버 영화,액션,,,,,,,,,,,,,,,,,,,
201559,토베 얀손 : 네이버 영화,드라마,15세 관람가, 2021.09.16,7.96,23,알마 포이스티,,,,,,,,,,,,,,
197479,토이 솔져스: 가짜사나이2 더 컴플리트 : 네이버 영화,다큐멘터리,15세 관람가, 2021.01.27,,,김병지,,,,,,,,,,,,,,
198553,토토리! 우리 둘만의 여름 : 네이버 영화,모험,,,,,,,,,,,,,,,,,,,
193973,톰과 제리 : 네이버 영화,애니메이션,전체 관람가, 2021.02.24,7.6,559,클로이 모레츠,,,,,,,,,,,,,,
201782,트리거 포인트 : 네이버 영화,액션,,,,,,,,,,,,,,,,,,,
193525,트립 투 그리스 : 네이버 영화,코미디,,,,,,,,,,,,,,,,,,,
203310,트웬티 해커 : 네이버 영화,액션,,,,,,,, 베러월드를 마주하게 된다.<br/><br/>‘베러월드’는 한국대학교 내의 비밀 동아리로, 해킹으로 더 좋은 세상을 만들겠다는 모토로 시작된 화이트 해커들의 모임이었다. 그들은 재민의 능력을 높이 사며 함께 하기를 권하고, 재민은 결국 반강제적으로 입부하게 된다. 한편, 재민의 소꿉친구인 주희의 아버지가 암호화폐 투자 사기꾼 친구에게 낚여, 퇴직금을 모조리 투자하려는 것을 알게 된다. 재민과 베러월드는 그들의 컴퓨터를 해킹해서, 투자 설명회를 망치고, 사기꾼들을 잡는데 성공한다. 이 사건으로 베러월드는 유명세와 주목을 받게 된다.<br/><br/>재민은 이 유명세를 이용해서 자신이 찾고 있는 ‘유노왓’을 불러들이려고 하고, 혜수는 베러월드가 위험해 질 수 있다며 경고를 한다. 재민의 예상대로 ‘유노왓‘ 은 암호화폐의 인기에 한창 주가가 치솟는 국제 거래소를 해킹 타겟으로 지명하고, 재민은 곧장 송도로 출발해 복수의 계획을 실행한다.<br/><br/>한편 주희의 아버지가 또 다시 국제 거래소에 거금을 투자를 했다는 소식에, 함정이라는 것을 알아차린 재민. 재민과 베러월드는 다시 힘을 합쳐, 블랙해커 ‘유노왓’을 막아내려고 하는데….<br/>과연 그들은 블랙해커 ‘유노왓’의 계획에 맞서, 국제거래소를 지켜 낼 것인가!
202362,특명: 스피드 레스큐 : 네이버 영화,액션,,,,,,,,,,,,,,,,,,,
202908,특수부대 백호2 : 네이버 영화,전쟁,,,,,,,,,,,,,,,,,,,
204623,특수팀 : 네이버 영화,드라마,,,,,,,,,,,,,,,,,,,
206641,티탄 : 네이버 영화,드라마,,,,,,,,,,,,,,,,,,,
210808,틱,,,,,,,,,,,,,,,,,,,,
195441,파리의 별빛 아래 : 네이버 영화,드라마,전체 관람가, 2021.05.05,9.3,20,카트린 프로,,,,,,,,,,,,,,
193857,파워 오브 도그 : 네이버 영화,드라마,,,,,,,,,,,,,,,,,,,
198306,파이터 : 네이버 영화,드라마,12세 관람가, 2021.03.18,6.87,75,임성미,,,,,,,,,,,,,,
187549,파이프라인 : 네이버 영화,범죄,15세 관람가, 2021.05.26,6.24,1,,,,,,,,,,,,,,,
190799,파힘 : 네이버 영화,드라마,전체 관람가, 2021.01.21,8.15,40,아사드 아메드,,,,,,,,,,,,,,
191820,팜 스프링스 : 네이버 영화,코미디,,,,,,,,,,,,,,,,,,,
201939,패트리어트 : 네이버 영화,액션,15세 관람가, 2021.04.08,,,알렉스 스터먼,,,,,,,,,,,,,,
208915,팬텀: 더 뮤지컬 라이브 : 네이버 영화,,12세 관람가, 2021.12.01,8.83,114,규현,,,,,,,,,,,,,,
190763,퍼스트 카우 : 네이버 영화,드라마,12세 관람가, 2021.11.04,8.32,240,존 마가로,,,,,,,,,,,,,,
196048,퍼펙트 스틸 : 네이버 영화,범죄,,,,,,,,,,,,,,,,,,,
196533,퍼펙트 케어 : 네이버 영화,범죄,,,,,,,,,,,,,,,,,,,
207360,퍼피 구조대 더 무비 : 네이버 영화,애니메이션,전체 관람가, 2021.08.18,9.4,86,정선혜,,,,,,,,,,,,,,
181970,페어웰 : 네이버 영화,가족,,,,,,,,,,,,,,,,,,,
186889,페이블 : 네이버 영화,액션,,,,,,,,,,,,,,,,,,,
183600,포겟 미 낫-엄마에게 쓰는 편지 : 네이버 영화,다큐멘터리,12세 관람가, 2021.06.03,,,선희 엥겔스토프,선희 엥겔스토프,,,,,,,,,,,,,
201969,포에버 퍼스트 러브 : 네이버 영화,멜로/로맨스,15세 관람가, 2021.12.09,,,스티븐 루크,사진을 찍기 위해 필리핀에 머물던 폴은 시장에서<br/>우연히 첫사랑 안나를 발견하고,,,,,,,,,,,,,
197655,포이즌 로즈 : 네이버 영화,스릴러,15세 관람가, 2021.07.28,,,존 트라볼타,,,,,,,,,,,,,,
191843,포제서 : 네이버 영화,SF,,,,,,,,,,,,,,,,,,,
188441,폭력의 그림자 : 네이버 영화,드라마,,,,,,,,,,,,,,,,,,,
192113,폴리스 : 네이버 영화,드라마,,,,,,,,,,,,,,,,,,,
193121,푸드 몬스터 : 네이버 영화,애니메이션,,,,,,,,,,,,,,,,,,,
201762,푸른 호수 : 네이버 영화,드라마,12세 관람가, 2021.10.13,9.37,172,저스틴 전,,,,,,,,,,,,,,
191917,프라미싱 영 우먼 : 네이버 영화,범죄,,,,,,,,,,,,,,,,,,,
187312,프렌치 디스패치 : 네이버 영화,코미디,,,,,,,,,,,,,,,,,,,
152681,프로페서 앤 매드맨 : 네이버 영화,드라마,,,,,,,,,,,,,,,,,,,
190324,프리 가이 : 네이버 영화,액션,,,,,,,,,,,,,,,,,,,
183140,플래시백 : 네이버 영화,스릴러,,,,,,,,,,,,,,,,,,,
163829,피넛 버터 팔콘 : 네이버 영화,드라마,12세 관람가,,,,,,,,,,,,,,,,,,
192114,피노키오 : 네이버 영화,드라마,,,,,,,,,,,,,,,,,,,
129687,피닉스 : 네이버 영화,드라마,12세 관람가,,,,,,,,,,,,,,,,,,
201846,피델리오 : 네이버 영화,,12세 관람가, 2021.05.01,,,,정치범으로 형무소에 억울하게 갇힌 플로레스탄을 구하기 위해 그의 아내 레오노레는 남장을 하고 '피델리오'라는 가명으로 간수장 로코의 조수로 일하며 기회를 엿본다. 장관이 불시에 형무소를 방문하여 무고한 죄수들을 석방시킬 것이라는 소식을 미리 입수한 형무소장 돈 피차로는 개인적인 복수를 위해 지하 감옥에 암암리에 감금한 자신의 정적 플로레스탄을 살해하려 하고,,,,,,,,,,,,,
196557,피부를 판 남자 : 네이버 영화,드라마,12세 관람가, 2021.12.16,7.76,75,야흐야 마하이니,,,,,,,,,,,,,,
205982,피어 오브 레인 : 네이버 영화,드라마,,,,,,,,,,,,,,,,,,,
208885,피어: 마지막 생존자 : 네이버 영화,액션,,,,,,,,,,,,,,,,,,,
209288,피어썸 : 네이버 영화,공포,,,,,,,,,,,,,,,,,,,
209284,피치 오브 타임 극장판 : 네이버 영화,멜로/로맨스,,,,,,,,,,,,,,,,,,,
198171,필로포비아 : 네이버 영화,코미디,,,,,,,,,,,,,,,,,,,
201377,핑크 클라우드 : 네이버 영화,SF,,,,,,,,,,,,,,,,,,,
197071,학교 가는 길 : 네이버 영화,다큐멘터리,12세 관람가, 2021.05.05,9.57,173,이은자,,,,,,,,,,,,,,
201742,한창나이 선녀님 : 네이버 영화,다큐멘터리,전체 관람가, 2021.10.20,9.52,44,임선녀,새끼 낳은 소도 돌보고,,,,,,,,,,,,,
190727,할로윈 킬즈 : 네이버 영화,공포,청소년 관람불가, 2021.10.27,4.69,127,제이미 리 커티스,,,,,,,,,,,,,,
209946,핫 블러드 : 네이버 영화,액션,15세 관람가, 2021.11.25,,,최제헌,,,,,,,,,,,,,,
197463,해길랍 : 네이버 영화,멜로/로맨스,15세 관람가, 2021.03.31,5.8,207,허광한,,,,,,,,,,,,,,
196375,해변의 에트랑제 : 네이버 영화,애니메이션,,,,,,,,,,,,,,,,,,,
204649,해피 뉴 이어 : 네이버 영화,멜로/로맨스,,,,,,,,,,,,,,,,,,,
142855,해피 아워 : 네이버 영화,드라마,15세 관람가, 2021.12.09,8.75,84,타나카 사치에,,,,,,,,,,,,,,
198471,행복의 속도 : 네이버 영화,다큐멘터리,전체 관람가, 2021.11.18,8.89,47,이가라시 히로아키,,,,,,,,,,,,,,
200378,헬렌: 내 영혼의 자화상 : 네이버 영화,드라마,12세 관람가, 2021.02.25,8.16,32,로라 비른,“조건이 있어요. 당신을 그리고 싶어요”<br/><br/>10년 넘게 예술계를 벗어나<br/>외딴 시골에서 살고 있는 헬렌<br/>어느 날 젊은 예술가 에이나르를 만나고<br/>싹트는 사랑 속 감정의 변화를 겪으며<br/>그녀의 예술성은 점점 더 무르익기 시작하는데…<br/><br/>‘핀란드의 뭉크’로 불리는 북유럽 대표 화가<br/>헬렌 쉐르벡의 삶이 최초로 공개된다!,,,,,,,,,,,,,
211094,호두까기 인형 : 네이버 영화,,, 2021.12.25,9.33,6,,어느 크리스마스이브,,,,,,,,,,,,,
199857,호라이즌 라인 : 네이버 영화,스릴러,12세 관람가, 2021.02.10,5.19,62,알렉산더 드레이먼,,,,,,,,,,,,,,
198259,호스트: 접속금지 : 네이버 영화,공포,15세 관람가, 2021.07.21,6.78,93,헤일리 비숍,,,,,,,,,,,,,,
201863,혼자 사는 사람들 : 네이버 영화,드라마,12세 관람가, 2021.05.19,8.06,878,공승연,,,,,,,,,,,,,,
197027,홈런: 야구소년 : 네이버 영화,다큐멘터리,전체 관람가, 2021.05.13,,,,각자의 사연을 안고 전국에서 모인 10대 불량 청소년들.<br/>70대 감독 ‘할배쌤’과 코치들의 지도 아래 포니 야구 월드시리즈에 도전을 준비한다.<br/>철거 예정인 훈련장부터 추운 날씨까지,,,,,,,,,,,,,
188264,화이트 온 화이트 : 네이버 영화,드라마,12세 관람가, 2021.06.10,6.58,19,알프레도 카스트로,,,,,,,,,,,,,,
192609,화이트데이: 부서진 결계 : 네이버 영화,공포,15세 관람가, 2021.10.06,4.81,321,찬희,,,,,,,,,,,,,,
147014,후겟츠 웨슬리 : 네이버 영화,코미디,,,,,,,,,,,,,,,,,,,
211616,훈즈: 제국의 탄생 : 네이버 영화,전쟁,,,,,,,,,,,,,,,,,,,
198494,휴가 : 네이버 영화,드라마,12세 관람가, 2021.10.21,8.84,77,이봉하,,,,,,,,,,,,,,
163675,흐린 하늘에 웃다 : 네이버 영화,드라마,,,,,,,,,,,,,,,,,,,
185148,흩어진 밤 : 네이버 영화,드라마,전체 관람가, 2021.06.24,7.76,33,문승아,,,,,,,,,,,,,,
